p:Activation,p:LearningRate,p:Op1,p:Op2,p:Op3,p:Op4,p:Op5,p:Op6,p:TrivialAugment,p:WeightDecay,p:nepochs,objective_0,objective_1,objective_2,job_id,m:timestamp_submit,m:timestamp_gather,m:timestamp_start,m:timestamp_end,m:size_MB,m:runtime,m:latency,m:FLOPS,m:valid-acc,m:train-acc,m:test-acc
Hardswish,0.0952313272919029,2,4,2,0,1,2,off,1.8477993041828048e-05,126,93.89285278320312,-1.4867480993270874,-0.8778043985366821,17,0.15816617012023926,1393.2278938293457,1691537124.9607158,1691538518.0296736,0.8778043985366821,139115.984375,1.4867480993270874,97.5340347290039,93.89285278320312,99.36277770996094,93.93146514892578
Mish,0.9772757040958208,2,1,1,4,0,1,off,4.3289626124274395e-05,112,73.35128784179688,-2.112015724182129,-0.4184607267379761,0,0.14733314514160156,1258.2385880947113,1691537124.9499052,1691538383.040691,0.4184607267379761,125608.171875,2.112015724182129,37.78006362915039,73.35128784179688,88.29647064208984,44.37835311889648
Hardswish,0.5685634255163153,1,2,2,0,1,1,on,0.0008002720364466006,114,82.1438980102539,-0.940558135509491,-0.5397045016288757,11,0.1475052833557129,842.1357169151306,1691537124.9500687,1691537966.9371665,0.5397045016288757,83985.46875,0.940558135509491,79.04313659667969,82.1438980102539,73.85801696777344,84.99169158935547
Mish,0.7109434261886047,1,2,2,0,3,0,on,0.0005430523501294284,48,40.579498291015625,-2.5705084800720215,-0.5623536705970764,12,0.15837430953979492,617.0461187362671,1691537124.960921,1691537741.8482285,0.5623536705970764,61499.93359375,2.5705084800720215,74.41002655029297,40.579498291015625,66.8951644897461,71.57218170166016
Hardswish,0.04324384814261022,3,1,0,4,2,2,off,0.0008101910861863666,43,79.60406494140625,-1.6910306215286257,-0.5819715261459351,13,0.1520388126373291,465.1739101409912,1691537124.9545853,1691537589.9760218,0.5819715261459351,46301.71875,1.6910306215286257,85.87603759765625,79.60406494140625,93.74748229980467,89.57461547851562
Mish,0.24930236210049925,0,0,0,3,2,3,on,0.000802192501228025,42,73.51785278320312,-2.5684375762939453,-0.341914564371109,15,0.15825986862182617,764.251829624176,1691537124.9608068,1691537889.053892,0.341914564371109,76220.4921875,2.5684375762939453,50.41815948486328,73.51785278320312,82.47193908691406,60.921905517578125
Hardswish,0.055517634779886506,1,1,4,4,2,0,on,0.0005186669883683586,115,88.91959381103516,-1.5695041418075562,-0.18596689403057096,16,0.15854334831237793,1216.785573720932,1691537124.9610915,1691538341.5878105,0.18596689403057096,121474.2265625,1.5695041418075562,44.679718017578125,88.91959381103516,90.25652313232422,76.89395904541016
Mish,0.7844875643900379,3,0,1,1,3,3,on,0.000566288911384782,93,66.68755340576172,-2.941251754760742,-0.11953870207071304,2,0.14731407165527344,1211.505677461624,1691537124.9498909,1691538336.307789,0.11953870207071304,120938.2421875,2.941251754760742,11.890870094299316,66.68755340576172,80.2990951538086,38.67735290527344
Mish,0.30944804870122467,4,0,4,0,1,1,off,0.0004753799166098841,63,43.06303405761719,-2.835541009902954,-0.08861945569515228,21,0.15907001495361328,702.2492415904999,1691537124.961621,1691537827.0513244,0.08861945569515228,70002.0546875,2.835541009902954,9.26555061340332,43.06303405761719,82.5486831665039,46.34950637817383
ReLU,0.6388733015262169,4,3,3,0,1,3,on,0.00045368618209747183,127,83.73577117919922,-1.6521295309066772,-0.13112255930900574,26,0.15824484825134277,1167.7802636623385,1691537124.9607923,1691538292.5823731,0.13112255930900574,116573.34375,1.6521295309066772,17.866497039794922,83.73577117919922,76.5753402709961,78.1526107788086
ReLU,0.326950545177674,0,4,1,3,0,2,on,0.0005429302463199102,111,80.54595947265625,-1.5367066860198977,-0.3505791127681732,27,0.1578831672668457,921.8247411251068,1691537124.9604309,1691538046.626742,0.3505791127681732,91975.265625,1.5367066860198977,48.64753723144531,80.54595947265625,83.69578552246094,89.63643646240234
ReLU,0.981382325372836,3,4,3,0,0,4,off,0.0003425903411612765,28,61.30863571166992,-2.609215497970581,-0.12046299874782562,28,0.1529533863067627,319.87682819366455,1691537124.9555037,1691537444.678913,0.12046299874782562,31766.5625,2.609215497970581,14.212679862976074,61.30863571166992,86.78460693359375,51.79601287841797
Mish,0.8329135508444803,1,2,3,0,0,0,off,0.0004851057266143885,99,51.12814712524414,-2.50355863571167,-0.4266466200351715,29,0.1585063934326172,1175.034316778183,1691537124.961053,1691538299.8363469,0.4266466200351715,117299.7578125,2.50355863571167,51.39827346801758,51.12814712524414,66.51007843017578,77.586181640625
Mish,0.1051550948569326,3,4,0,2,4,1,off,0.00011304530867865712,1,66.92301940917969,-2.867154359817505,-0.3694263994693756,3,0.14745044708251953,16.1073637008667,1691537124.9500003,1691537140.909453,0.3694263994693756,1391.60400390625,2.867154359817505,47.66429138183594,66.92301940917969,69.28987884521484,63.744197845458984
ReLU,0.16025513912805436,3,0,1,2,3,2,off,4.945026770236909e-05,118,93.0398941040039,-1.625505447387695,-0.6000846028327942,31,0.1535627841949463,1324.4925878047943,1691537124.956113,1691538449.2946596,0.6000846028327942,132221.421875,1.625505447387695,76.47037506103516,93.0398941040039,96.66580200195312,92.79412078857422
ReLU,0.7264060350784625,0,4,3,2,3,2,off,0.000290783364562668,1,41.32799530029297,-1.852871060371399,-0.5697528719902039,33,0.15821385383605957,14.82192873954773,1691537124.9607618,1691537139.6239562,0.5697528719902039,1286.22705078125,1.852871060371399,77.16157531738281,41.32799530029297,61.12857437133789,36.3995475769043
ReLU,0.7064679337124543,0,2,1,0,1,4,on,0.00019917885108513365,148,85.62107849121094,-1.6369149684906006,-0.4111841320991516,34,0.15850329399108887,1331.7656228542328,1691537124.9610517,1691538456.5676868,0.4111841320991516,132973.359375,1.6369149684906006,55.13648986816406,85.62107849121094,94.68089294433594,92.2152862548828
Hardswish,0.09708180332892946,4,4,4,3,0,2,off,1.1143014931360085e-05,8,80.10064697265625,-2.017209053039551,-0.34680500626564026,36,0.1590287685394287,109.84018397331238,1691537124.9615805,1691537234.6414125,0.34680500626564026,10760.873046875,2.017209053039551,49.24482727050781,80.10064697265625,88.20948791503906,80.82525634765625
Mish,0.03163617777374386,0,3,2,1,2,3,off,0.0007428867761156714,71,85.00376892089844,-2.55938720703125,-0.6045288443565369,37,0.1585688591003418,951.3574690818788,1691537124.9611194,1691538076.15967,0.6045288443565369,94907.3046875,2.55938720703125,81.20398712158203,85.00376892089844,95.80052947998048,87.21461486816406
ReLU,0.3053210942273773,0,3,2,0,2,0,off,0.0007897511228967939,135,86.44546508789062,-1.478718876838684,-0.6201140880584717,38,0.15885376930236816,1260.206206560135,1691537124.961418,1691538385.0083077,0.6201140880584717,125813.40625,1.478718876838684,78.36600494384766,86.44546508789062,89.72523498535156,87.11641693115234
ReLU,0.8304511181214305,0,3,4,0,2,1,off,0.0009658934186067808,55,18.23400497436523,-1.8060694932937624,-0.3311178386211395,39,0.16019892692565918,632.5693092346191,1691537124.9627495,1691537757.3713949,0.3311178386211395,63033.46875,1.8060694932937624,33.613521575927734,18.23400497436523,18.597875595092773,16.731565475463867
ReLU,0.2736497012727636,1,0,0,0,2,1,on,0.0004255596960662549,10,76.07245635986328,-0.688698410987854,-0.30792325735092163,40,14.877362489700316,62.86069130897522,1691537139.6799057,1691537187.662887,0.30792325735092163,4791.19921875,0.688698410987854,43.635398864746094,76.07245635986328,87.97338104248047,60.57074737548828
Mish,0.1103416741749458,4,2,0,1,2,0,on,0.0006510503784745512,73,85.60359191894531,-2.6030311584472656,-0.5074356198310852,42,62.90878391265869,1133.4008469581604,1691537187.7113254,1691538258.2031212,0.5074356198310852,107036.8828125,2.6030311584472656,73.66753387451172,85.60359191894531,92.38774871826172,85.04540252685547
Hardswish,0.2423879253690873,2,1,1,0,3,1,off,9.25515572289131e-05,12,80.89183807373047,-1.2487585544586182,-0.4075467884540558,48,632.6198179721832,720.8663895130157,1691537757.422364,1691537845.668572,0.4075467884540558,8813.4833984375,1.2487585544586182,41.15068054199219,80.89183807373047,83.06742095947266,63.17774963378906
ReLU,0.17457255932677374,1,0,3,0,3,0,off,0.0006065841864913625,15,81.47673034667969,-1.0087745189666748,-0.1102289780974388,49,702.4456565380096,782.1293022632599,1691537827.248203,1691537906.931472,0.1102289780974388,7958.09765625,1.0087745189666748,14.23507595062256,81.47673034667969,85.92454528808594,49.27645111083984
ReLU,0.03678285663157455,0,0,2,0,3,0,off,0.0003980868377067926,17,89.62722778320312,-1.1020734310150146,-0.3363310396671295,5,0.14735889434814453,131.0250768661499,1691537124.949932,1691537255.8264802,0.3363310396671295,12887.4248046875,1.1020734310150146,43.69515609741211,89.62722778320312,92.193603515625,89.09381866455078
ReLU,0.014033915008584884,0,2,2,2,3,0,off,0.0002167820243294704,33,91.14285278320312,-1.396032452583313,-0.5775929093360901,50,721.0512573719025,1035.1046772003174,1691537845.853803,1691538159.9068573,0.5775929093360901,31393.0,1.396032452583313,83.56169128417969,91.14285278320312,94.3462142944336,91.15533447265624
Hardswish,0.4252472332296891,1,0,3,4,3,0,off,0.0005614286358601489,17,39.3367805480957,-1.3741792440414429,-0.12520982325077057,51,764.4399857521057,923.753403186798,1691537889.2425275,1691538048.5556011,0.12520982325077057,15919.0185546875,1.3741792440414429,14.687628746032717,39.3367805480957,75.8601303100586,46.50033950805664
ReLU,0.04659019498219692,4,0,3,0,3,0,off,0.000381095192385822,30,85.38439178466797,-1.4300683736801147,-0.10907896608114244,52,782.3168497085571,1030.5389368534088,1691537907.119394,1691538155.3411016,0.10907896608114244,24809.90625,1.4300683736801147,14.657089233398438,85.38439178466797,91.20291900634766,86.07417297363281
ReLU,0.011349019181967184,0,0,3,4,1,0,on,0.0003200083348779223,7,83.73904418945312,-1.306046485900879,-0.14797040820121765,61,1167.9818949699402,1222.6346158981323,1691538292.7844365,1691538347.4368129,0.14797040820121765,5457.5126953125,1.306046485900879,13.798669815063477,83.73904418945312,83.83867645263672,69.31967163085938
ReLU,0.06382617494598374,2,1,4,2,4,0,off,0.00014151102696961077,9,81.95701599121094,-2.00635290145874,-0.5759991407394409,62,1175.2424428462982,1276.64395070076,1691538300.0449853,1691538401.4461222,0.5759991407394409,10127.798828125,2.00635290145874,83.69976043701172,81.95701599121094,91.08908081054688,84.60335540771484
ReLU,0.08401687918312778,0,4,3,3,3,0,off,0.0003607395706376442,14,86.53763580322266,-1.5154507160186768,-0.15325157344341278,63,1211.7102100849152,1345.1784002780914,1691538336.5127523,1691538469.9806051,0.15325157344341278,13334.490234375,1.5154507160186768,17.425521850585938,86.53763580322266,90.64850616455078,85.6676254272461
Mish,0.7418990906470702,2,1,3,2,1,2,on,0.0006510944988466871,62,36.53213882446289,-2.6203455924987793,-0.7735991477966309,9,0.15315866470336914,962.0356464385986,1691537124.9557068,1691538086.8370938,0.7735991477966309,96000.765625,2.6203455924987793,104.86869049072266,36.53213882446289,73.67486572265625,64.01411437988281
ReLU,0.2006982073790659,0,4,2,2,3,0,off,0.0009905383380450139,61,66.33515167236328,-1.5529674291610718,-0.6058319211006165,72,1393.4433298110962,2075.693108320236,1691538518.2458746,1691539200.4949973,0.6058319211006165,68212.59375,1.5529674291610718,69.16307067871094,66.33515167236328,85.76127624511719,77.1875
ReLU,0.3300648470394961,4,1,4,2,0,0,off,0.0004815192733707167,148,87.79177856445312,-1.2647563219070437,-0.3125802278518677,1,0.14735746383666992,1588.316829442978,1691537124.9499197,1691538713.1189249,0.3125802278518677,158637.453125,1.2647563219070437,46.52886199951172,87.79177856445312,89.3976821899414,78.14131164550781
Mish,0.9768064467100932,0,2,3,1,1,2,off,0.0009528732031280492,147,76.26016998291016,-3.2645695209503174,-0.6703681945800781,18,0.15324115753173828,1959.2649898529053,1691537124.9557917,1691539084.0670705,0.6703681945800781,195698.75,3.2645695209503174,75.29442596435547,76.26016998291016,88.89595031738281,82.2718734741211
Mish,0.9605338874705026,4,1,3,0,0,2,off,0.00029953938360252646,117,77.68900299072266,-2.6130905151367188,-0.496940404176712,20,0.15300583839416504,1460.906510591507,1691537124.9555569,1691538585.7085533,0.496940404176712,145862.21875,2.6130905151367188,44.6740608215332,77.68900299072266,89.04769134521484,81.46914672851562
Hardswish,0.9464791530312796,3,4,0,0,2,0,off,0.00015371005311623452,199,94.6916732788086,-1.7986775636672974,-0.22791463136672976,22,0.15292716026306152,1725.6749885082245,1691537124.9554746,1691538850.477091,0.22791463136672976,172355.578125,1.7986775636672974,45.078006744384766,94.6916732788086,99.68846130371094,94.46419525146484
Mish,0.9236498765090848,3,0,1,2,4,0,off,0.00019216928390143443,152,85.5899658203125,-2.9303174018859863,-0.3759462237358093,23,0.15209054946899414,1887.412404060364,1691537124.9546375,1691539012.2145052,0.3759462237358093,188526.078125,2.9303174018859863,44.787166595458984,85.5899658203125,95.3681640625,82.96204376220703
ReLU,0.6507894765084655,0,1,1,2,3,4,on,0.0007769055995485814,174,43.59519577026367,-1.6933761835098269,-0.3509035110473633,24,0.15244746208190918,1530.5481491088867,1691537124.9549935,1691538655.350214,0.3509035110473633,152839.28125,1.6933761835098269,49.84562683105469,43.59519577026367,49.911094665527344,65.16427612304688
Hardswish,0.8363285799822072,0,3,2,1,0,4,off,0.0006726114115238601,143,58.79946517944336,-1.9354900121688845,-0.11071810126304626,30,0.15906691551208496,1898.5479638576508,1691537124.961623,1691539023.349986,0.11071810126304626,189631.84375,1.9354900121688845,39.376251220703125,58.79946517944336,94.45430755615234,80.28894805908203
Hardswish,0.9063630257822316,4,4,2,4,2,4,on,0.0001660697552929823,129,86.75798797607422,-3.037916421890259,-0.5208274126052856,35,0.15790748596191406,2063.698278427124,1691537124.9604568,1691539188.5003426,0.5208274126052856,206162.625,3.037916421890259,75.10668182373047,86.75798797607422,91.63214111328124,86.36095428466797
Hardswish,0.7447905562216596,1,2,2,3,0,3,on,0.0006668487452101442,127,75.3215103149414,-1.294018268585205,-0.5190343856811523,45,319.9272484779358,1659.7103080749512,1691537444.7297966,1691538784.512493,0.5190343856811523,133970.515625,1.294018268585205,78.39442443847656,75.3215103149414,79.55032348632812,79.90892791748047
Hardswish,0.4953207412060644,4,1,1,3,2,0,on,0.0003032127923266481,123,89.1594467163086,-1.7028567790985107,-0.2244658470153809,47,617.09614610672,1735.408607959747,1691537741.8986876,1691538860.2108064,0.2244658470153809,111818.921875,1.7028567790985107,58.90261459350586,89.1594467163086,82.59610748291016,90.19060516357422
ReLU,0.14798938867564393,0,1,3,0,3,0,off,0.00014470336394057962,61,91.6220474243164,-1.1994786262512207,-0.10565274953842164,57,962.2357432842256,1397.7914140224457,1691538087.0382867,1691538522.593613,0.10565274953842164,43543.23046875,1.1994786262512207,15.8235445022583,91.6220474243164,94.4113311767578,88.20646667480469
ReLU,0.04246170681716674,0,3,2,1,3,0,off,0.0001843981712638044,134,93.98152160644533,-1.2315768003463743,-0.2844368517398834,58,1030.7345309257507,2014.0793075561523,1691538155.537076,1691539138.881493,0.2844368517398834,98330.546875,1.2315768003463743,43.85945129394531,93.98152160644533,97.44761657714844,91.77584838867188
ReLU,0.04775220211602794,4,1,4,2,3,0,on,4.826875697943533e-05,68,67.09191131591797,-1.9019945859909055,-0.3450823426246643,59,1035.3020510673523,1715.4917969703674,1691538160.1045976,1691538840.2939816,0.3450823426246643,68006.625,1.9019945859909055,47.65473937988281,67.09191131591797,91.54624938964844,90.05818939208984
Hardswish,0.16091896295666974,3,2,0,0,2,3,off,2.215159873112801e-05,190,94.37964630126952,-1.1622227430343628,-0.6191310286521912,6,0.14714312553405762,1600.76109957695,1691537124.94972,1691538725.5632038,0.6191310286521912,159890.84375,1.1622227430343628,82.2254638671875,94.37964630126952,99.80652618408205,94.43402099609376
ReLU,0.01927517061746676,0,1,3,3,3,0,off,0.0009507500675853934,85,86.10031127929688,-1.2439618110656738,-0.14947295188903809,60,1133.5989043712616,1732.8296518325806,1691538258.401446,1691538857.6318476,0.14947295188903809,59910.77734375,1.2439618110656738,18.19193649291992,86.10031127929688,95.68778228759766,73.54386138916016
Mish,0.048363629745651886,1,2,3,4,3,0,on,0.0007362562669669206,53,86.15023040771484,-2.65864896774292,-0.4771798253059387,65,1222.836758852005,1969.9952080249784,1691538347.6393,1691539094.797366,0.4771798253059387,74703.546875,2.65864896774292,52.86708450317383,86.15023040771484,90.56291198730467,86.83618927001953
Hardswish,0.05819998837242376,0,0,4,4,4,0,on,0.0003349018567387402,73,82.39666748046875,-2.0241823196411133,-0.07860178500413895,67,1260.41370511055,1992.1006572246552,1691538385.2162504,1691539116.902856,0.07860178500413895,73156.3359375,2.0241823196411133,9.320645332336426,82.39666748046875,88.30599975585938,87.34170532226562
Mish,0.04366020741960707,0,1,2,4,3,0,on,0.0004168153511449878,42,89.74681091308594,-2.2758007049560547,-0.34712669253349304,69,1324.7033491134644,1823.65265750885,1691538449.5058944,1691538948.454841,0.34712669253349304,49882.57421875,2.2758007049560547,43.054054260253906,89.74681091308594,91.63138580322266,86.64093780517578
ReLU,0.46051168816931015,1,4,3,1,3,3,off,0.0008258394422654439,179,72.79734802246094,-1.9884326457977295,-0.14397302269935608,7,0.14784479141235352,1643.2126157283783,1691537124.950404,1691538768.014722,0.14397302269935608,164106.734375,1.9884326457977295,15.485687255859377,72.79734802246094,73.38521575927734,87.85990905761719
Hardswish,0.23812020748464796,0,3,3,2,3,0,off,0.00022704156066708414,148,92.6888427734375,-1.4050322771072388,-0.366331547498703,92,2075.915536403656,3692.200211286545,1691539200.71808,1691540817.0020993,0.366331547498703,161616.109375,1.4050322771072388,48.76984786987305,92.6888427734375,96.70504760742188,92.13996124267578
Hardswish,0.558142696328707,1,2,4,3,2,0,on,0.0006280136170899467,188,93.95250701904295,-2.13638687133789,-0.5856438279151917,10,0.14787626266479492,2091.297261238098,1691537124.9504428,1691539216.0993536,0.5856438279151917,208915.0625,2.13638687133789,97.32826232910156,93.95250701904295,86.61992645263672,87.91986083984375
ReLU,0.3938987900519313,0,0,2,0,3,0,off,7.928569668866063e-05,49,83.72486877441406,-1.167816162109375,-0.3447065055370331,100,2268.019309282303,2614.7945652008057,1691539392.8218544,1691539739.596774,0.3447065055370331,34665.2421875,1.167816162109375,38.36003494262695,83.72486877441406,92.44019317626952,87.62464904785156
ReLU,0.04131052791192493,0,0,0,0,3,0,off,0.0001883360860428028,81,92.1481475830078,-1.024701476097107,-0.1021229475736618,101,2268.286740064621,2783.0181612968445,1691539393.089282,1691539907.8203623,0.1021229475736618,51460.8203125,1.024701476097107,12.384199142456056,92.1481475830078,93.71228790283205,87.5337142944336
ReLU,0.15941541934145195,0,4,3,0,3,1,off,0.00030261367064665596,104,75.81627655029297,-1.6351432800292969,-0.1160571500658989,102,2303.3541514873505,3273.450920343399,1691539428.156693,1691540398.253129,0.1160571500658989,96997.3671875,1.6351432800292969,15.919864654541016,75.81627655029297,92.4563217163086,92.05553436279295
ReLU,0.4498328461329895,0,1,3,0,3,0,on,0.00029994909552344645,60,81.29891204833984,-1.2486311197280884,-0.11108873784542084,104,2340.746011734009,2743.999227285385,1691539465.548557,1691539868.801411,0.11108873784542084,40313.03515625,1.2486311197280884,15.695167541503906,81.29891204833984,87.99530029296875,78.59478759765625
ReLU,0.27113967013636986,4,2,4,0,0,0,off,7.764598188739597e-05,66,88.43392181396484,-2.0364019870758057,-0.3486807644367218,105,2416.2170526981354,3135.70241689682,1691539541.0196035,1691540260.5046043,0.3486807644367218,71936.1796875,2.0364019870758057,53.60886001586914,88.43392181396484,94.1371078491211,87.37467956542969
ReLU,0.24691411078415537,0,4,2,0,0,0,off,0.00022931432069435464,56,86.5640640258789,-1.1410921812057495,-0.31948602199554443,107,2477.704740524292,2983.685238838196,1691539602.5072825,1691540108.4874413,0.31948602199554443,50585.73046875,1.1410921812057495,41.498191833496094,86.5640640258789,91.31594848632812,79.728515625
ReLU,0.048571220936636274,0,4,4,0,3,0,off,9.197035973510564e-05,103,88.5751953125,-1.711724042892456,-0.10120123624801636,111,2614.0997223854065,3608.344689846039,1691539738.9022672,1691540733.1468732,0.10120123624801636,99422.1328125,1.711724042892456,12.576095581054688,88.5751953125,95.48883819580078,86.81969451904297
ReLU,0.22937876717186503,0,4,2,0,1,0,off,0.000110190987781223,116,91.57051849365234,-1.4318864345550537,-0.3335043787956238,112,2615.0213389396667,3572.9168581962585,1691539739.8238866,1691540697.7190554,0.3335043787956238,95777.28125,1.4318864345550537,40.97940826416016,91.57051849365234,97.23921966552734,89.04983520507812
Mish,0.08564904847502097,0,1,0,0,1,0,off,0.0002026042902161052,119,78.4561996459961,-1.181480050086975,-0.05009433254599571,114,2783.2458069324493,3580.951720237732,1691539908.048349,1691540705.7539208,0.05009433254599571,79758.2734375,1.181480050086975,11.531715393066406,78.4561996459961,95.98162078857422,88.06672668457031
Hardswish,0.06783269088964061,0,1,0,0,0,0,off,8.34311076073234e-05,40,54.31681060791016,-0.7389084100723267,-0.12398362904787064,121,3054.3763160705566,3316.9349222183228,1691540179.1788576,1691540441.737107,0.12398362904787064,26251.357421875,0.7389084100723267,11.434925079345703,54.31681060791016,93.05142211914062,89.24369812011719
ReLU,0.09498712874975213,0,4,0,0,0,0,off,0.000362409715216643,34,84.2336654663086,-1.0223207473754885,-0.09190507978200912,131,3317.166604042053,3539.251797914505,1691540441.9691455,1691540664.0539944,0.09190507978200912,22196.185546875,1.0223207473754885,11.152934074401855,84.2336654663086,86.07689666748047,85.65814208984375
Mish,0.08755343331686956,0,2,2,2,4,0,off,0.00010704325111486004,159,94.402099609375,-2.659592866897583,-0.6718414425849915,14,0.15300559997558594,2267.7935526371,1691537124.9555542,1691539392.5956635,0.6718414425849915,226585.125,2.659592866897583,87.82861328125,94.402099609375,99.5276870727539,93.90402221679688
Mish,0.8960740775490589,1,0,2,2,3,1,on,0.0007824545743129644,169,86.38522338867188,-5.424015522003174,-0.5762873888015747,19,0.1586313247680664,3305.7378466129303,1691537124.9611795,1691540430.539961,0.5762873888015747,330377.6875,5.424015522003174,85.84320068359375,86.38522338867188,74.83748626708984,86.93978881835938
Mish,0.280495306067841,3,0,3,4,2,4,off,0.0002298083300745731,162,93.92792510986328,-4.411861896514893,-0.34296390414237976,25,0.15326690673828125,3299.912731409073,1691537124.9558144,1691540424.714819,0.34296390414237976,329804.46875,4.411861896514893,50.79691696166992,93.92792510986328,98.68340301513672,92.6850128173828
Hardswish,0.8884498096109814,2,2,4,3,4,3,on,0.000451571452006061,156,88.98280334472656,-2.353926420211792,-0.5689504146575928,32,0.1546492576599121,2174.8861260414124,1691537124.9571974,1691539299.688234,0.5689504146575928,217273.453125,2.353926420211792,95.33045959472656,88.98280334472656,94.2406005859375,76.25142669677734
Hardswish,0.3723677475349755,0,4,3,4,4,2,off,0.00091810443784887,187,93.06494140625,-2.1704282760620117,-0.6632047891616821,4,0.14732837677001953,2078.526806116104,1691537124.949897,1691539203.3289137,0.6632047891616821,207640.359375,2.1704282760620117,49.816680908203125,93.06494140625,97.79847717285156,91.76945495605467
Hardswish,0.23363449638322564,3,3,4,4,1,2,on,0.00035748734820720783,158,92.19493865966795,-2.025596857070923,-0.3831334710121155,41,16.15722417831421,2233.822687149048,1691537140.9597692,1691539358.62487,0.3831334710121155,221754.21875,2.025596857070923,51.53155899047851,92.19493865966795,92.490478515625,91.95508575439452
ReLU,0.33764341529970726,3,2,2,4,4,4,on,7.26048191431311e-05,174,91.4217758178711,-2.1858789920806885,-0.5791632533073425,43,109.8913140296936,2340.5182354450226,1691537234.693859,1691539465.3204193,0.5791632533073425,223050.328125,2.1858789920806885,79.52765655517578,91.4217758178711,95.94245147705078,93.8088607788086
Mish,0.8164905725901211,4,1,0,3,3,3,on,0.0004748286517984001,171,91.4681625366211,-2.3765103816986084,-0.17348261177539823,44,131.07555294036865,2303.1261970996857,1691537255.878095,1691539427.928405,0.17348261177539823,217192.734375,2.3765103816986084,15.31745433807373,91.4681625366211,90.38391876220705,92.0655288696289
Mish,0.3819334824093392,0,0,4,4,0,3,on,0.0007369080729767875,160,80.17549133300781,-2.7943968772888184,-0.10498777776956558,46,465.22276520729065,2570.753980398178,1691537590.0253072,1691539695.5561852,0.10498777776956558,210540.796875,2.7943968772888184,11.461236953735352,80.17549133300781,90.71138763427734,83.56702423095703
Mish,0.34687213294780744,0,0,2,0,3,0,off,0.000709710697876532,178,74.16844177246094,-2.5741312503814697,-0.3424936830997467,53,842.3348717689514,3556.617344379425,1691537967.137416,1691540681.419486,0.3424936830997467,271415.90625,2.5741312503814697,48.53939437866211,74.16844177246094,97.58352661132812,90.17610168457033
ReLU,0.28945152647113637,0,0,2,0,3,0,off,0.00032905620200518644,191,94.52708435058594,-1.1046899557113647,-0.3308522701263428,54,922.0219204425812,2538.651065826416,1691538046.8244624,1691539663.4532382,0.3308522701263428,161650.59375,1.1046899557113647,38.69169616699219,94.52708435058594,99.71446228027344,93.97087860107422
ReLU,0.031320558198803805,0,2,2,0,2,1,off,0.000989100878506115,193,94.00163269042967,-1.321308135986328,-0.8048872947692871,55,923.9446387290956,2467.110882997513,1691538048.74718,1691539591.913067,0.8048872947692871,154310.734375,1.321308135986328,97.41819763183594,94.00163269042967,99.7198486328125,92.59798431396484
Hardswish,0.5749241950203462,1,2,2,0,2,0,off,0.0006783385429764689,172,88.67919158935547,-1.2222833633422852,-0.7733756303787231,56,951.5541586875916,2613.8694467544556,1691538076.356706,1691539738.6716354,0.7733756303787231,166219.171875,1.2222833633422852,107.81924438476562,88.67919158935547,93.56729125976562,93.0970230102539
Mish,0.03521789084594804,0,1,4,4,4,0,off,0.0003437779645448818,124,89.13326263427734,-2.2971084117889404,-0.08563783019781113,64,1216.9894127845764,2892.4165182113647,1691538341.7919548,1691540017.2187228,0.08563783019781113,167530.390625,2.2971084117889404,10.129443168640137,89.13326263427734,95.39805603027344,87.02245330810547
Mish,0.01303159551669764,3,0,2,0,3,0,on,0.00035433841719725043,76,93.07664489746094,-2.459629535675049,-0.403618186712265,66,1258.4531424045565,2144.7223007678986,1691538383.2556849,1691539269.524505,0.403618186712265,88614.609375,2.459629535675049,45.25188064575195,93.07664489746094,93.29920959472656,92.81111145019533
ReLU,0.44168874975946903,4,0,1,3,3,0,off,0.0007640432082275196,118,70.85070037841797,-1.550965428352356,-0.13413971662521362,70,1331.975051164627,2477.4770057201385,1691538456.7775943,1691539602.279205,0.13413971662521362,114537.890625,1.550965428352356,14.247488021850586,70.85070037841797,67.83087158203125,75.62519836425781
Hardswish,0.05101941220836837,0,3,4,3,2,0,on,0.0009657599308976828,165,90.72684478759766,-1.5236201286315918,-0.21417365968227384,71,1345.3851265907288,3054.1448843479156,1691538470.1876686,1691540178.9470613,0.21417365968227384,170863.625,1.5236201286315918,39.922157287597656,90.72684478759766,94.5704345703125,92.74425506591795
ReLU,0.1604569877044404,0,4,4,0,2,0,off,0.0002037301797755995,164,92.91926574707033,-1.9983406066894531,-0.3247200846672058,74,1461.324692487717,2958.9515194892883,1691538586.1272385,1691540083.7537026,0.3247200846672058,149750.375,1.9983406066894531,46.13945770263672,92.91926574707033,99.5755844116211,93.2652359008789
ReLU,0.14833129293439803,2,0,2,0,2,3,off,0.00012580208138934353,61,92.3504409790039,-1.596075177192688,-0.7706512808799744,75,1530.7593080997467,2082.9461145401,1691538655.5618503,1691539207.74831,0.7706512808799744,55206.359375,1.596075177192688,115.09786987304688,92.3504409790039,95.75331115722656,92.1902847290039
ReLU,0.40156139018414183,2,1,4,4,2,0,off,0.00029525392564453697,122,89.19302368164062,-1.8010236024856567,-0.6244207620620728,77,1600.9751467704773,2880.741963863373,1691538725.7776897,1691540005.5442705,0.6244207620620728,127964.3671875,1.8010236024856567,85.53611755371094,89.19302368164062,96.01819610595705,89.897705078125
Mish,0.12421219761824008,3,0,4,1,2,2,off,9.43940141742584e-05,126,92.86386108398438,-3.4971675872802734,-0.4306306838989258,79,1659.932510137558,3631.1303203105927,1691538784.7350545,1691540755.9325018,0.4306306838989258,197114.59375,3.4971675872802734,83.01390838623047,92.86386108398438,98.21131134033205,92.0490264892578
Mish,0.777302001242732,3,0,0,1,2,0,on,0.0002873281060805395,184,93.62629699707033,-2.798576831817627,-0.2764971852302551,8,0.14749932289123535,2518.6396861076355,1691537124.9500496,1691539643.4417343,0.2764971852302551,251636.5625,2.798576831817627,48.50505828857422,93.62629699707033,95.78482055664062,94.3785629272461
Hardswish,0.15021724424889416,0,0,3,3,3,0,off,0.0002019265731577328,161,93.73090362548828,-1.378168702125549,-0.11168182641267776,80,1715.7060408592224,3162.3213539123535,1691538840.5085874,1691540287.1235354,0.11168182641267776,144649.1875,1.378168702125549,17.79372787475586,93.73090362548828,98.95144653320312,92.9159164428711
Mish,0.18743657952540327,0,3,4,0,2,0,off,0.00015269747773993177,118,90.37974548339844,-3.1081793308258057,-0.3196782171726227,81,1725.891704082489,3160.686898946762,1691538850.6942472,1691540285.4890912,0.3196782171726227,143467.484375,3.1081793308258057,39.99533462524414,90.37974548339844,95.623291015625,84.43497467041016
Mish,0.1392552553965664,1,2,4,0,1,1,off,0.00033588687942462826,193,91.95962524414062,-2.6444449424743652,-0.4154081046581268,82,1733.044233560562,3604.6692798137665,1691538857.8467748,1691540729.4714766,0.4154081046581268,187150.203125,2.6444449424743652,50.03053665161133,91.95962524414062,97.51600646972656,90.87177276611328
Hardswish,0.4206785114875513,3,2,4,0,1,0,off,3.390817015797198e-05,195,93.83724975585938,-2.0267741680145264,-0.4589279592037201,83,1735.62526845932,3205.720353603363,1691538860.4278097,1691540330.5225513,0.4589279592037201,146997.1875,2.0267741680145264,55.53174591064453,93.83724975585938,99.74324035644533,93.48196411132812
ReLU,0.5237757642816148,0,1,4,0,3,0,off,2.7351552515051665e-05,132,92.27886199951172,-1.4568835496902466,-0.12172751128673552,85,1887.632282972336,2816.617138147354,1691539012.4348254,1691539941.4193382,0.12172751128673552,92894.15625,1.4568835496902466,12.75533676147461,92.27886199951172,97.5299835205078,89.52676391601562
ReLU,0.364254762174665,0,2,3,0,3,0,on,0.0003448334199801555,62,80.26963806152344,-1.448975920677185,-0.4141720533370972,86,1898.7688534259796,2415.990691423416,1691539023.571406,1691539540.7928798,0.4141720533370972,51709.83203125,1.448975920677185,55.40480422973633,80.26963806152344,87.97251892089844,76.62097930908203
Hardswish,0.4313485726351476,0,2,1,0,3,0,off,0.0001290606071931763,147,93.51737213134766,-1.3360035419464111,-0.4038435816764831,87,1959.4864854812624,3105.30082821846,1691539084.2890313,1691540230.103006,0.4038435816764831,114569.078125,1.3360035419464111,51.45367431640625,93.51737213134766,97.19564819335938,91.96804809570312
Hardswish,0.3116685794489205,1,4,4,0,0,0,off,0.0002287655331815116,173,91.36180114746094,-1.6214722394943235,-0.0745907798409462,88,1970.2123494148257,3364.3865785598755,1691539095.014892,1691540489.188768,0.0745907798409462,139405.109375,1.6214722394943235,8.33888053894043,91.36180114746094,95.2752456665039,91.69707489013672
ReLU,0.23491976933526795,0,3,3,0,0,0,off,7.84205259372835e-05,20,86.55669403076172,-1.006318211555481,-0.13340696692466736,89,1992.3183705806732,2144.697496414185,1691539117.1209233,1691539269.4996994,0.13340696692466736,15225.5517578125,1.006318211555481,15.091062545776367,86.55669403076172,93.2470474243164,66.32498931884766
ReLU,0.4536294850738517,0,2,1,1,3,0,off,0.00016857783233611382,35,78.64543151855469,-1.1207956075668335,-0.3709312081336975,91,2063.918533563614,2315.485546350479,1691539188.721084,1691539440.2877512,0.3709312081336975,25144.421875,1.1207956075668335,50.469940185546875,78.64543151855469,93.05154418945312,79.13687133789062
Hardswish,0.3520725032735239,0,2,2,3,3,0,on,0.00018568854983504649,134,90.51288604736328,-1.818499207496643,-0.5796143412590027,93,2078.749671936035,3330.650894641876,1691539203.552215,1691540455.453093,0.5796143412590027,125177.859375,1.818499207496643,75.1978988647461,90.51288604736328,94.37413787841795,91.43506622314452
Hardswish,0.313155288227341,0,2,3,0,0,0,off,2.1616435608563063e-05,180,93.83501434326172,-1.018473505973816,-0.48024746775627136,94,2083.165187597275,3683.6864948272705,1691539207.9677286,1691540808.4886973,0.48024746775627136,160039.8125,1.018473505973816,52.5499153137207,93.83501434326172,99.61679077148438,93.12966918945312
ReLU,0.6632252370842536,0,4,0,1,3,0,off,0.000120239884658726,123,88.08439636230469,-1.8570363521575928,-0.11954283714294434,96,2144.917569875717,3146.693023443222,1691539269.7201216,1691540271.4952226,0.11954283714294434,100165.1953125,1.8570363521575928,12.457231521606444,88.08439636230469,93.34231567382812,87.87899780273438
Mish,0.3475462442922339,2,1,4,0,1,0,off,0.0003762628960611056,150,93.23664855957033,-1.945968747138977,-0.38900771737098694,97,2144.9446108341217,3574.439570426941,1691539269.7471511,1691540699.2417588,0.38900771737098694,142937.203125,1.945968747138977,42.05988693237305,93.23664855957033,94.556884765625,90.76190185546876
ReLU,0.5884181326879727,0,3,3,1,2,0,off,1.3828193603980895e-05,9,78.0321273803711,-1.3693807125091553,-0.3931775987148285,98,2175.1129467487335,2268.0639641284943,1691539299.9154904,1691539392.866161,0.3931775987148285,9283.4931640625,1.3693807125091553,47.4902229309082,78.0321273803711,90.64976501464844,81.7677230834961
ReLU,0.5203602067550659,0,4,2,0,0,0,off,7.991904297581059e-05,68,86.38119506835938,-1.488677978515625,-0.3327771723270416,99,2234.0475385189056,2907.845767259598,1691539358.8500834,1691540032.647944,0.3327771723270416,67367.5234375,1.488677978515625,41.41265106201172,86.38119506835938,93.12230682373048,84.70101165771484
ReLU,0.2272001217734792,0,0,0,0,2,1,off,0.0006685118426049121,199,93.61445617675781,-1.0595351457595825,-0.33247655630111694,143,3692.4437952041626,5053.946989297867,1691540817.24634,1691542178.7486615,0.33247655630111694,136137.921875,1.0595351457595825,41.128089904785156,93.61445617675781,99.09931945800781,93.35630798339844
Hardswish,0.7268052490478956,3,4,0,1,1,0,off,0.0004211403780425051,200,93.48828125,-1.550180196762085,-0.09626543521881104,103,2315.706983566284,3850.78247332573,1691539440.509534,1691540975.571187,0.09626543521881104,153493.9375,1.550180196762085,12.353821754455566,93.48828125,97.81299591064452,93.00313568115234
ReLU,0.808342146540552,1,4,0,0,2,0,off,0.00015853368916509292,195,93.71841430664062,-1.64668607711792,-0.34948739409446716,106,2467.338370323181,4188.762624025345,1691539592.1409116,1691541313.5647178,0.34948739409446716,172130.09375,1.64668607711792,39.99195861816406,93.71841430664062,99.37783813476562,94.12681579589844
Mish,0.4935077693740556,4,1,3,1,1,0,on,0.0003168027095031482,154,89.81719970703125,-2.486680030822754,-0.11787457764148712,108,2518.873528957367,4402.636047363281,1691539643.6760752,1691541527.4382398,0.11787457764148712,188363.890625,2.486680030822754,13.432684898376465,89.81719970703125,93.45014190673828,91.73385620117188
Hardswish,0.8591755839117812,3,4,0,1,1,0,off,0.0004245339328106782,196,93.43033599853516,-1.5544822216033936,-0.09716735780239104,110,2570.983739376068,4118.449772357941,1691539695.786281,1691541243.251902,0.09716735780239104,154734.28125,1.5544822216033936,12.10858917236328,93.43033599853516,97.78274536132812,91.45769500732422
ReLU,0.2947636474868184,1,1,3,0,3,1,off,0.0004701468830215254,167,86.47639465332031,-1.1681678295135498,-0.12163697928190231,113,2744.2281217575073,4145.495787858963,1691539869.0306733,1691541270.297901,0.12163697928190231,140114.4375,1.1681678295135498,14.5834321975708,86.47639465332031,85.487548828125,92.2036361694336
ReLU,0.2774067232742161,0,3,4,0,1,1,off,0.0003979937162813699,185,93.43736267089844,-1.7173490524291992,-0.0891275405883789,115,2816.845843076706,4190.1413197517395,1691539941.6483848,1691541314.942115,0.0891275405883789,137317.046875,1.7173490524291992,12.70872688293457,93.43736267089844,95.61315155029295,92.4892349243164
Mish,0.2079660554169852,0,4,3,0,0,0,off,0.00018471016617043837,115,90.64777374267578,-2.1588215827941895,-0.12135284394025804,116,2880.972786426544,4542.1602947711945,1691540005.7753277,1691541666.9095173,0.12135284394025804,166106.3125,2.1588215827941895,13.689308166503906,90.64777374267578,95.62738800048828,88.4515609741211
ReLU,0.03985089175429506,0,2,0,0,3,2,off,0.00020704638401713933,103,93.2352294921875,-1.2592451572418213,-0.6105841994285583,118,2908.075428009033,3695.930471897125,1691540032.877972,1691540820.7326574,0.6105841994285583,78773.2265625,1.2592451572418213,66.33071899414062,93.2352294921875,97.72930145263672,93.3887176513672
ReLU,0.9747263469972368,2,2,0,1,3,0,off,0.0003646053990411073,180,88.94254302978516,-2.661031484603882,-0.5448242425918579,119,2959.1827738285065,4345.56890296936,1691540083.9853182,1691541470.3710134,0.5448242425918579,138626.296875,2.661031484603882,86.42933654785156,88.94254302978516,99.39494323730467,90.4253158569336
Hardswish,0.7687277959262374,1,0,0,0,2,0,on,0.0004089027207894445,140,82.7159652709961,-1.0606595277786257,-0.19779404997825625,120,2983.9144279956818,3943.9756696224217,1691540108.7169704,1691541068.7777867,0.19779404997825625,95993.8046875,1.0606595277786257,42.2137451171875,82.7159652709961,87.37730407714844,84.61805725097656
ReLU,0.2057876263868418,1,4,2,1,3,1,off,0.0003345543145179381,187,93.26866149902344,-1.6155102252960205,-0.357819527387619,122,3105.534546852112,4815.279252290726,1691540230.3370924,1691541940.0813646,0.357819527387619,170962.125,1.6155102252960205,43.787593841552734,93.26866149902344,99.7265853881836,87.2916259765625
Hardswish,0.26226979112265053,3,0,0,0,0,1,off,0.0003796932580205599,189,93.00809478759766,-0.9444621801376344,-0.09196854382753372,123,3135.9343802928925,4206.8074634075165,1691540260.7369316,1691541331.6095586,0.09196854382753372,107077.2578125,0.9444621801376344,11.527793884277344,93.00809478759766,96.7398910522461,91.73431396484376
ReLU,0.744764165526713,0,3,0,0,2,0,off,1.7467824391492768e-05,120,92.53443145751952,-1.268813133239746,-0.4544871747493744,124,3146.9222645759583,4101.597532510757,1691540271.724809,1691541226.3845017,0.4544871747493744,95453.328125,1.268813133239746,39.79335403442383,92.53443145751952,96.9425048828125,88.7945327758789
Hardswish,0.7107668601242069,1,4,0,1,3,0,off,4.466169288074415e-05,117,87.22220611572266,-1.7361189126968384,-0.10520823299884796,125,3160.9179830551147,4211.278990268707,1691540285.7205243,1691541336.0798855,0.10520823299884796,105023.625,1.7361189126968384,11.485389709472656,87.22220611572266,93.9036102294922,85.97943878173828
Mish,0.022297258949942993,1,4,0,0,1,1,off,0.00020354348366502105,191,92.0930633544922,-1.4504565000534058,-0.09378360956907272,127,3205.9534063339233,4849.334905862808,1691540330.7559507,1691541974.137033,0.09378360956907272,164325.828125,1.4504565000534058,9.408604621887209,92.0930633544922,96.14259338378906,91.74492645263672
Hardswish,0.2201343675700751,4,0,0,4,0,1,off,0.0003903888229080736,161,91.3206787109375,-1.4631551504135132,-0.08531557768583298,130,3305.9750311374664,4414.6354513168335,1691540430.777574,1691541539.437574,0.08531557768583298,110853.7265625,1.4631551504135132,10.065225601196287,91.3206787109375,94.6641845703125,87.45128631591797
ReLU,0.7070657935598174,0,0,0,1,1,0,off,8.191490253722698e-05,90,80.86505126953125,-0.7416147589683533,-0.09140709787607192,132,3330.882611513138,3782.451613426209,1691540455.6851523,1691540907.253819,0.09140709787607192,45144.58984375,0.7416147589683533,8.911141395568848,80.86505126953125,91.16231536865234,85.68571472167969
ReLU,0.20890169736342556,0,0,0,3,3,0,off,0.00031757524555902787,144,93.164794921875,-1.1714634895324707,-0.13995930552482605,133,3364.620237350464,4581.473533630371,1691540489.4227786,1691541706.2637286,0.13995930552482605,121671.8203125,1.1714634895324707,15.00171947479248,93.164794921875,93.60533905029295,87.81289672851562
Hardswish,0.22693066616798144,2,1,0,1,0,4,off,0.00031009975566142584,190,94.65294647216795,-1.2641866207122805,-0.3108213245868683,134,3539.608464241028,5012.895241737366,1691540664.4110072,1691542137.697368,0.3108213245868683,147316.328125,1.2641866207122805,46.47047424316406,94.65294647216795,99.89481353759766,93.57659912109376
ReLU,0.6388120070393221,0,1,4,0,3,0,off,6.181852626877324e-05,77,92.55535125732422,-2.149011611938477,-0.11394666880369186,142,3683.9215512275696,4299.575065612793,1691540808.7240915,1691541424.3771944,0.11394666880369186,61553.046875,2.149011611938477,13.05030918121338,92.55535125732422,91.78860473632812,71.47987365722656
ReLU,0.42423080751927655,0,1,3,0,0,0,off,0.0005306583703957404,70,65.91630554199219,-0.9463315606117249,-0.10011011362075806,144,3696.1658205986023,4177.488148212433,1691540820.9683654,1691541302.289044,0.10011011362075806,48119.8359375,0.9463315606117249,13.713613510131836,65.91630554199219,77.01546478271484,73.60611724853516
ReLU,0.8373294912509621,0,3,4,0,3,0,off,5.6969771537878246e-05,130,90.36695861816406,-2.80765962600708,-0.1280255764722824,147,3847.886043548584,4924.4903926849365,1691540972.6890092,1691542049.2923906,0.1280255764722824,107646.3046875,2.80765962600708,13.616771697998049,90.36695861816406,94.03304290771484,85.01170349121094
Mish,0.05608713950457724,1,4,3,2,3,0,on,0.000911217065034069,193,94.25797271728516,-3.146736860275269,-0.3849983513355255,68,1276.8484592437744,4255.787761449814,1691538401.6510005,1691541380.5898824,0.3849983513355255,297881.5625,3.146736860275269,51.66897964477539,94.25797271728516,95.28645324707033,93.1612777709961
Mish,0.1299881860538014,0,3,3,0,3,0,off,0.0004622661225272259,180,94.2119598388672,-2.7363126277923584,-0.12022306025028227,73,1397.9986526966095,3804.482899427414,1691538522.801194,1691540929.2850945,0.12022306025028227,240645.8125,2.7363126277923584,17.434476852416992,94.2119598388672,98.81417083740234,93.90599822998048
Mish,0.11897745071074148,2,0,2,2,1,1,off,8.286921749187019e-05,160,93.2114486694336,-3.285484790802002,-0.7707045674324036,76,1588.53013920784,3847.4331679344177,1691538713.3326805,1691540972.2353406,0.7707045674324036,225878.015625,3.285484790802002,120.41004943847656,93.2114486694336,99.89337921142578,92.77388763427734
Mish,0.07207488330436183,2,0,4,0,3,1,off,0.00017764189184782888,192,93.52432250976562,-2.649147272109986,-0.4165746867656708,78,1643.4292314052582,4359.480701684952,1691538768.2317824,1691541484.2828326,0.4165746867656708,271592.8125,2.649147272109986,45.69997024536133,93.52432250976562,99.86678314208984,92.99368286132812
ReLU,0.3699792186338052,4,2,4,2,1,0,off,0.0005573130346210529,199,87.34041595458984,-2.284698963165283,-0.4800571799278259,84,1823.8689699172976,4074.9754478931422,1691538948.671516,1691541199.7775545,0.4800571799278259,225098.296875,2.284698963165283,78.48432159423828,87.34041595458984,96.86162567138672,92.1579132080078
Mish,0.3300638168308939,4,3,3,3,0,0,off,0.0005309005034700625,153,58.90959930419922,-2.572366952896118,-0.15654416382312775,90,2014.30091381073,3925.324552297592,1691539139.1034582,1691541050.1266038,0.15654416382312775,191090.03125,2.572366952896118,18.99717903137207,58.90959930419922,91.54713439941406,72.25405883789062
Mish,0.16182050204707069,0,4,1,4,3,0,on,0.00017441601026037544,169,92.87353515625,-2.4694368839263916,-0.12342414259910583,95,2091.521254301071,4215.737313270569,1691539216.3237967,1691541340.5393794,0.12342414259910583,212409.25,2.4694368839263916,12.829360008239746,92.87353515625,94.67395782470705,90.7213134765625
Hardswish,0.3495546998662743,1,0,1,0,0,0,off,0.0005661560790931799,186,93.09489440917969,-0.9764562249183655,-0.07947143167257309,173,5054.253616094589,6209.651346683502,1691542179.0561702,1691543334.4532955,0.07947143167257309,115533.875,0.9764562249183655,9.06873607635498,93.09489440917969,85.63219451904297,91.66865539550781
Mish,0.8337405201557275,2,3,3,1,2,0,off,0.0002990070673340341,197,94.56439208984376,-2.7895262241363525,-0.7484883069992065,109,2538.8782024383545,5957.0579290390015,1691539663.680744,1691543081.8598835,0.7484883069992065,341805.625,2.7895262241363525,84.39973449707031,94.56439208984376,99.92096710205078,88.86890411376953
Mish,0.2206659864952277,4,3,4,0,2,1,off,0.0006441614906365742,194,77.7685546875,-3.4709763526916504,-0.3384120762348175,117,2892.647120952606,5805.70096373558,1691540017.4496627,1691542930.503103,0.3384120762348175,291293.0625,3.4709763526916504,41.13261795043945,77.7685546875,99.03540802001952,91.22368621826172
Mish,0.7303502776604248,0,1,3,3,3,0,off,0.0003085215636243499,168,90.8231430053711,-2.376230001449585,-0.1498926430940628,126,3162.6785945892334,5366.218450546265,1691540287.4811428,1691542490.9690194,0.1498926430940628,220334.96875,2.376230001449585,18.78982734680176,90.8231430053711,94.3531723022461,90.76519012451172
Mish,0.5930915610684778,0,0,2,3,3,0,off,0.0001216370522962804,163,93.5239486694336,-2.4075560569763184,-0.35545164346694946,128,3273.686670064926,5719.183105707169,1691540398.489211,1691542843.9852405,0.35545164346694946,244537.296875,2.4075560569763184,46.10490798950195,93.5239486694336,98.78889465332033,91.9815673828125
Mish,0.7862870956192438,0,0,4,4,0,0,off,9.822117799596308e-05,187,93.86521911621094,-2.8147990703582764,-0.09364497661590576,129,3300.150144100189,5316.9607264995575,1691540424.9526854,1691542441.762694,0.09364497661590576,201668.765625,2.8147990703582764,7.93195915222168,93.86521911621094,97.00499725341795,84.641845703125
Mish,0.2630882750663399,1,0,0,0,3,1,off,0.0005097435188497949,190,93.79810333251952,-2.016554355621338,-0.10360059887170792,135,3556.855618953705,5485.762019872665,1691540681.6581626,1691542610.5639465,0.10360059887170792,192878.28125,2.016554355621338,12.5524320602417,93.79810333251952,96.4620590209961,92.25775909423828
Mish,0.6810283990004388,0,1,0,0,0,0,off,0.00030291261041610174,189,93.24506378173828,-1.6790165901184082,-0.10276895761489868,136,3573.1494352817535,5556.781348705292,1691540697.9519763,1691542681.583319,0.10276895761489868,198357.21875,1.6790165901184082,11.487751007080078,93.24506378173828,96.0560302734375,93.81490325927734
Hardswish,0.7364167835232088,1,4,4,2,1,0,off,0.00033383191249562776,186,92.08078002929688,-1.6095926761627195,-0.35473498702049255,137,3574.6753137111664,5483.895015239716,1691540699.477854,1691542608.6972475,0.35473498702049255,190909.703125,1.6095926761627195,44.002403259277344,92.08078002929688,98.00792694091795,92.36174011230467
ReLU,0.5455181481137444,2,0,2,0,2,2,off,0.00033527241206048985,196,94.2445297241211,-1.1740566492080688,-1.0608128309249878,138,3581.1862857341766,5446.992954492569,1691540705.9888277,1691542571.7950602,1.0608128309249878,186568.359375,1.1740566492080688,134.25961303710938,94.2445297241211,99.33898162841795,93.58563995361328
Hardswish,0.7219665783053905,2,4,1,0,0,0,off,0.00013536732488002507,180,92.4469757080078,-1.5634690523147583,-0.4074742794036865,139,3605.0316932201385,5075.833233594894,1691540729.834238,1691542200.6353557,0.4074742794036865,147067.796875,1.5634690523147583,41.574424743652344,92.4469757080078,99.84281158447266,89.68122863769531
Hardswish,0.6066991310693906,2,4,2,1,3,2,off,3.467228224846149e-05,200,93.69806671142578,-1.8075730800628664,-0.8746005892753601,140,3608.789319038391,5931.373514652252,1691540733.591864,1691543056.1754663,0.8746005892753601,232246.046875,1.8075730800628664,97.03939819335938,93.69806671142578,99.94197845458984,94.33348846435548
Hardswish,0.0369626899923486,3,1,0,0,4,4,off,2.627941451711443e-05,181,93.44339752197266,-1.448337197303772,-0.0702071264386177,141,3631.3679480552673,5395.34181022644,1691540756.1704917,1691542520.143928,0.0702071264386177,176385.078125,1.448337197303772,11.754302024841309,93.44339752197266,98.9135513305664,92.79293060302734
Mish,0.6592743109589502,1,4,3,0,0,0,off,0.0002937635007697628,139,90.87247467041016,-2.0908455848693848,-0.11221912503242493,145,3782.685386419296,5542.086984157562,1691540907.4879267,1691542666.8890946,0.11221912503242493,175933.6875,2.0908455848693848,11.90281581878662,90.87247467041016,92.62081909179688,86.21456146240234
ReLU,0.4293317677272499,1,0,2,1,3,4,off,0.0003602576297538335,166,92.2743148803711,-1.5036901235580444,-0.33840692043304443,146,3804.723381042481,5162.106969594955,1691540929.5259223,1691542286.909093,0.33840692043304443,135734.703125,1.5036901235580444,42.550262451171875,92.2743148803711,97.64509582519533,87.6711196899414
Hardswish,0.8569780732804674,1,4,0,3,0,0,off,0.0004912262650552118,151,85.38570404052734,-1.6998040676116943,-0.1409282684326172,148,3851.198828935623,5171.462061882019,1691540976.0013733,1691542296.2640884,0.1409282684326172,132012.40625,1.6998040676116943,10.450284957885742,85.38570404052734,82.94978332519531,79.69538116455078
Hardswish,0.7661556197281019,4,4,0,2,0,0,off,0.0004156426615075632,190,93.87401580810548,-3.0356311798095703,-0.30358293652534485,149,3925.9052617549896,5650.566324472427,1691541050.707813,1691542775.3683922,0.30358293652534485,172450.546875,3.0356311798095703,37.820465087890625,93.87401580810548,98.19448852539062,89.40839385986328
Hardswish,0.48849478873216856,2,2,2,0,0,0,off,0.0005220795946832138,166,86.77547454833984,-1.430403232574463,-0.6654914617538452,150,3944.2665832042694,5121.134173154831,1691541069.0691264,1691542245.936365,0.6654914617538452,117674.5078125,1.430403232574463,103.4071273803711,86.77547454833984,97.58528900146484,91.78738403320312
Hardswish,0.10939590448633783,1,2,2,4,0,0,off,0.0004904365944732374,184,93.91175842285156,-1.5796247720718384,-0.5612981915473938,151,4075.3075938224792,5285.308479070663,1691541200.1101391,1691542410.0562136,0.5612981915473938,120974.0625,1.5796247720718384,71.3420639038086,93.91175842285156,99.72335815429688,94.2763214111328
Hardswish,0.37965676142960864,2,4,3,1,0,0,off,0.000463236133192645,184,94.3322982788086,-1.6659220457077026,-0.4123119711875915,153,4118.7837126255035,6021.307794570923,1691541243.5862613,1691543146.1099813,0.4123119711875915,190239.015625,1.6659220457077026,48.74970626831055,94.3322982788086,99.24092864990234,92.42507934570312
Hardswish,0.9789400759661254,3,3,0,0,0,0,off,0.0002714609117462822,200,93.97164916992188,-1.3627479076385498,-0.15484456717967987,155,4178.081788063049,5655.02067232132,1691541302.884338,1691542779.822852,0.15484456717967987,147674.1875,1.3627479076385498,13.95842170715332,93.97164916992188,98.72173309326172,92.14834594726562
Hardswish,0.7504444592597097,2,0,1,1,0,0,off,0.000466402550454617,172,93.18733978271484,-1.257422685623169,-0.3620847463607788,156,4189.066657543182,5985.128856658936,1691541313.8691993,1691543109.9308298,0.3620847463607788,179587.328125,1.257422685623169,40.62874221801758,93.18733978271484,98.45075988769533,79.00738525390625
Hardswish,0.6744650136366843,3,4,0,1,0,0,off,0.0004731305680116613,111,81.91827392578125,-1.4923814535140991,-0.08818493038415909,157,4190.450434446335,5305.675640821457,1691541315.2529764,1691542430.47784,0.08818493038415909,111509.140625,1.4923814535140991,12.451671600341797,81.91827392578125,88.67241668701172,69.31867980957031
Hardswish,0.20469572712660583,2,0,1,0,0,3,off,0.000420667029277314,198,94.21527862548828,-1.4785622358322144,-0.443590372800827,159,4211.603910207748,5663.638690471649,1691541336.406453,1691542788.4408677,0.443590372800827,145185.3125,1.4785622358322144,48.53240585327149,94.21527862548828,99.73143768310548,94.22159576416016
Hardswish,0.34901774241881856,4,0,3,0,0,0,off,0.00027740959508032285,186,93.27289581298828,-0.9601657390594482,-0.10083942115306854,160,4215.97820687294,5461.1331441402435,1691541340.7807488,1691542585.9353442,0.10083942115306854,124509.5390625,0.9601657390594482,12.162631034851074,93.27289581298828,97.65348052978516,91.92835235595705
Hardswish,0.8705504918361903,2,4,0,0,0,1,off,0.0002306378247748452,179,93.21759796142578,-1.440933108329773,-0.35337552428245544,161,4256.0320863723755,5572.683735609055,1691541380.8346272,1691542697.4859316,0.35337552428245544,131652.796875,1.440933108329773,39.384498596191406,93.21759796142578,99.8558120727539,89.17063903808594
Hardswish,0.36445403154231726,4,0,0,0,0,4,off,0.0004133729164426264,186,94.2348403930664,-1.2561841011047363,-0.0786466896533966,162,4299.814480304718,5762.600836753845,1691541424.617021,1691542887.4030404,0.0786466896533966,146266.296875,1.2561841011047363,9.627711296081545,94.2348403930664,97.00798034667967,92.84520721435548
Hardswish,0.8660496440364515,3,3,3,0,0,1,off,0.0004749257117100296,179,91.90198516845705,-1.7543396949768066,-0.12384004890918732,163,4345.8107924461365,6168.438650369644,1691541470.6133463,1691543293.2407014,0.12384004890918732,182250.46875,1.7543396949768066,16.21158790588379,91.90198516845705,97.15445709228516,88.23143768310547
Hardswish,0.12764442208674695,3,2,0,0,1,4,off,0.000944721477961946,192,93.5169677734375,-1.813007116317749,-0.34207576513290405,165,4402.883974790573,6046.485169172287,1691541527.6865184,1691543171.287352,0.34207576513290405,164347.765625,1.813007116317749,47.575557708740234,93.5169677734375,98.54972076416016,93.2060775756836
Hardswish,0.6554274590472338,1,0,0,2,0,0,off,0.0004520811218948886,194,94.2708740234375,-1.5868746042251587,-0.29796382784843445,166,4414.878469705582,5854.221765756607,1691541539.6810117,1691542979.0239685,0.29796382784843445,143928.15625,1.5868746042251587,43.09251022338867,94.2708740234375,98.31739044189452,92.8192901611328
Hardswish,0.6853253074560572,3,3,1,4,0,1,off,0.00032887750443796713,169,91.45269012451172,-1.7485723495483398,-0.10845915228128432,167,4542.5274477005005,6144.834994792938,1691541667.329991,1691543269.637195,0.10845915228128432,160212.34375,1.7485723495483398,15.658890724182127,91.45269012451172,78.179443359375,48.403079986572266
Hardswish,0.2620266324004823,4,0,1,0,0,1,off,0.0004573968953194394,187,88.44425964355469,-1.0813623666763306,-0.07438167929649353,168,4581.9969935417175,5766.387236833572,1691541706.799539,1691542891.1425347,0.07438167929649353,118420.2109375,1.0813623666763306,9.488814353942873,88.44425964355469,94.71443939208984,85.81840515136719
Hardswish,0.2719028465442847,4,1,0,1,0,1,off,0.00044318477859141774,149,88.67548370361328,-1.2294255495071411,-0.08685702085494995,169,4815.5256316661835,5750.245552062988,1691541940.3281753,1691542875.0477345,0.08685702085494995,93459.640625,1.2294255495071411,10.925301551818848,88.67548370361328,94.2726821899414,84.89141845703125
