,p:Activation,p:LearningRate,p:Op1,p:Op2,p:Op3,p:Op4,p:Op5,p:Op6,p:TrivialAugment,p:WeightDecay,p:nepochs,objective_0,objective_1,objective_2,job_id,m:timestamp_submit,m:timestamp_gather,m:timestamp_start,m:timestamp_end,m:valid-acc,m:train-acc,m:size_MB,m:FLOPS,m:test-acc,m:runtime,m:latency
0,Mish,0.0420923903485869,3,1,1,0,0,2,on,0.0001806811747129,80,92.10968780517578,-2.024226427078247,-0.3498910665512085,17,0.2633872032165527,982.7441625595092,1688605061.585821,1688606044.0658238,92.10968780517578,93.18340301513672,0.3498910665512085,48.52060317993164,90.5714874267578,98070.265625,2.024226427078247
1,ReLU,0.8356253827425586,1,2,3,3,4,0,off,0.0001431812428861,55,39.29939270019531,-3.1530981063842773,-0.4348609745502472,1,0.2572987079620361,469.9566645622253,1688605061.5797527,1688605531.2778673,39.29939270019531,91.19416809082033,0.4348609745502472,54.1689682006836,80.31449127197266,46772.0390625,3.1530981063842773
2,Mish,0.2468843241061617,1,1,3,1,3,2,off,0.0001192318365786,5,80.1545181274414,-2.436671257019043,-0.4003190398216248,10,0.2644224166870117,55.277082204818726,1688605061.586848,1688605116.598328,80.1545181274414,86.9061279296875,0.4003190398216248,46.64548873901367,68.64693450927734,5327.3779296875,2.436671257019043
3,ReLU,0.9634543343491286,0,0,1,1,4,3,on,6.722403115092654e-05,89,72.09228515625,-1.989702582359314,-0.1430043429136276,12,0.261864423751831,614.5571818351746,1688605061.5842938,1688605675.8791006,72.09228515625,87.9914321899414,0.1430043429136276,8.708406448364258,58.51153945922851,61231.38671875,1.989702582359314
4,ReLU,0.5920175539246427,4,0,0,2,4,2,on,0.0008515670492331,58,31.110092163085938,-2.202258348464966,-0.5356115698814392,13,0.2632937431335449,757.0181057453156,1688605061.5857189,1688605818.3400493,31.110092163085938,30.24431610107422,0.5356115698814392,75.4609603881836,48.101322174072266,75497.015625,2.202258348464966
5,Hardswish,0.6443607913514587,1,2,4,0,4,3,on,0.0005769984679543,48,50.247745513916016,-2.2943410873413086,-0.4514588117599487,16,0.2648284435272217,632.9900035858154,1688605061.5872576,1688605694.311958,50.247745513916016,64.64881134033203,0.4514588117599487,55.44850158691406,48.97690963745117,63075.07421875,2.2943410873413086
6,Mish,0.1195579334703806,1,0,2,0,4,1,on,6.595067325634114e-05,45,91.56298065185548,-2.260103225708008,-0.357232391834259,20,0.2648608684539795,474.5607280731201,1688605061.58729,1688605535.8818233,91.56298065185548,85.89379119873047,0.357232391834259,47.37468338012695,88.15201568603516,47230.875,2.260103225708008
7,Hardswish,0.1914549288151327,2,3,0,1,1,3,on,0.0003930171500916,77,83.83480072021484,-1.4228696823120115,-0.3668553233146667,21,0.2611422538757324,793.0350749492645,1688605061.5835683,1688605854.3562872,83.83480072021484,93.24444580078124,0.3668553233146667,56.20215225219727,90.66940307617188,79098.78125,1.4228696823120115
8,ReLU,0.251052675023808,2,2,0,0,3,1,on,0.0002020628305238,109,90.71881103515624,-1.2694287300109863,-0.553794801235199,22,0.268373966217041,933.793313741684,1688605061.5907989,1688605995.115254,90.71881103515624,94.3433609008789,0.553794801235199,80.56385040283203,93.2105712890625,93152.90625,1.2694287300109863
9,ReLU,0.8117531800112636,3,1,4,4,1,3,on,0.0001205494033348,64,73.76551055908203,-2.1180787086486816,-0.1282659322023391,25,0.2675340175628662,659.8192250728607,1688605061.589959,1688605721.1411183,73.76551055908203,81.61418151855469,0.1282659322023391,12.83970546722412,71.66156768798828,65777.875,2.1180787086486816
10,Mish,0.3726583880475223,3,3,0,4,4,1,on,0.000626583297331,15,72.69633483886719,-2.3259048461914062,-0.1432180702686309,27,0.2676115036010742,197.4888734817505,1688605061.590035,1688605258.8100464,72.69633483886719,77.58528900146484,0.1432180702686309,15.93327808380127,68.10714721679688,19528.73046875,2.3259048461914062
11,Hardswish,0.9819821129250834,1,3,4,2,0,0,on,0.0006879854404743,78,67.41963195800781,-1.7886077165603638,-0.3341524302959442,29,0.2684028148651123,775.3823184967041,1688605061.5908313,1688605836.7042582,67.41963195800781,45.094364166259766,0.3341524302959442,46.62410736083984,61.97345352172851,77312.53125,1.7886077165603638
12,Hardswish,0.2557518054581675,0,0,4,3,1,1,on,0.0006796062546907,67,51.43506622314453,-2.3037314414978027,-0.096243031322956,30,0.2686271667480469,501.6571846008301,1688605061.5910544,1688605562.9783654,51.43506622314453,81.2386245727539,0.096243031322956,11.381203651428224,75.9754867553711,49941.09765625,2.3037314414978027
13,ReLU,0.3019286261215075,4,4,2,4,0,2,on,0.0006043704097441,54,54.37825775146485,-2.0943045616149902,-0.546210765838623,32,0.2698862552642822,627.316633939743,1688605061.5923078,1688605688.6377103,54.37825775146485,82.3225326538086,0.546210765838623,69.2227783203125,63.07345962524414,62506.40234375,2.0943045616149902
14,ReLU,0.3626575266585436,4,2,0,2,2,3,off,0.000393486967608,66,78.2331314086914,-1.6825463771820068,-0.6122332811355591,33,0.2700934410095215,696.187570810318,1688605061.592517,1688605757.509503,78.2331314086914,89.84557342529297,0.6122332811355591,95.82852935791016,77.95222473144531,69393.296875,1.6825463771820068
15,Mish,0.1110319081188142,3,1,3,4,2,1,on,0.0006111398866916,59,87.47642517089844,-3.1801109313964844,-0.3751149177551269,35,0.2718243598937988,928.3692803382874,1688605061.5942435,1688605989.6912403,87.47642517089844,92.026123046875,0.3751149177551269,54.75412368774414,82.20260620117188,92632.8828125,3.1801109313964844
16,ReLU,0.4423416193016578,2,0,3,4,2,0,off,0.0008184066215995,31,57.18862915039063,-1.5182065963745115,-0.6884412169456482,36,0.2726752758026123,360.92812991142273,1688605061.5951004,1688605422.24936,57.18862915039063,70.40190887451172,0.6884412169456482,85.63446807861328,70.05461120605469,35887.96484375,1.5182065963745115
17,Mish,0.6801938259083855,4,4,4,1,0,3,off,0.0005694744139318,27,50.62437438964844,-2.5814573764801025,-0.1057826280593872,39,0.2757716178894043,386.23172974586487,1688605061.5981991,1688605447.5529044,50.62437438964844,72.27045440673828,0.1057826280593872,12.160051345825195,45.603424072265625,38400.78125,2.5814573764801025
18,ReLU,0.8889537799884224,0,3,3,2,2,3,off,0.0007843287777002,80,63.70521926879883,-1.849490523338318,-0.6128087043762207,4,0.2648775577545166,801.1998620033264,1688605061.5873065,1688605862.5218112,63.70521926879883,57.86002731323242,0.6128087043762207,70.90312194824219,51.2470588684082,79894.4375,1.849490523338318
19,Mish,0.5267367570032134,0,1,1,1,3,1,off,0.0002361662728297,6,59.70151519775391,-1.8672912120819087,-0.1194886639714241,42,360.9857065677643,423.9669966697693,1688605422.3081236,1688605485.28903,59.70151519775391,79.64657592773438,0.1194886639714241,12.667686462402344,60.35797500610352,6289.4912109375,1.8672912120819087
20,ReLU,0.0105989369987177,0,3,1,2,4,1,on,0.0002158223525316,8,80.28916931152344,-1.6496769189834597,-0.386494368314743,54,757.0671765804291,822.162716627121,1688605818.3895895,1688605883.4847882,80.28916931152344,80.96454620361328,0.386494368314743,49.45845031738281,81.5488510131836,6500.6962890625,1.6496769189834597
21,ReLU,0.6812440331582664,3,1,3,3,0,4,off,0.0004400636457859,60,64.46320343017578,-1.783141016960144,-0.1430706828832626,9,0.2615947723388672,524.5038850307465,1688605061.584023,1688605585.825832,64.46320343017578,88.00914001464844,0.1430706828832626,19.126163482666016,71.82575988769531,52225.4296875,1.783141016960144
22,Mish,0.5981881003262881,1,2,4,0,0,0,on,0.0005004630622806,96,37.35585784912109,-3.2948739528656006,-0.4349003136157989,61,982.7991843223572,1941.4010767936709,1688606044.1215997,1688607002.7228963,37.35585784912109,76.74278259277344,0.4349003136157989,49.941776275634766,86.3544692993164,95854.296875,3.2948739528656006
23,Hardswish,0.7158402413417246,3,2,1,3,2,3,on,0.0009278698943989,154,68.83589935302734,-1.8903467655181885,-0.5679792761802673,0,0.2572836875915527,1755.0953278541565,1688605061.5797312,1688606816.417272,68.83589935302734,69.27799224853516,0.5679792761802673,95.38420104980467,85.77545166015625,175284.578125,1.8903467655181885
24,Hardswish,0.9569583405923868,0,3,0,4,0,1,on,0.0001808716611087,171,92.9004364013672,-1.5236308574676514,-0.1230599135160446,11,0.264993667602539,1355.226789712906,1688605061.5874217,1688606416.5487316,92.9004364013672,85.42191314697266,0.1230599135160446,11.65142059326172,90.89503479003906,135296.9375,1.5236308574676514
25,Hardswish,0.2584740162112963,0,4,3,4,0,0,on,0.0006253451971997,91,66.20169830322266,-1.5184321403503418,-0.0860596597194671,14,0.2676389217376709,1023.2313334941864,1688605061.5900707,1688606084.5532806,66.20169830322266,85.66050720214844,0.0860596597194671,13.03405475616455,84.90834045410156,102103.6328125,1.5184321403503418
26,Mish,0.2401737070968901,0,3,3,0,1,3,off,0.0009455342081268,92,71.07472229003906,-2.3289613723754883,-0.1427428126335144,18,0.264829158782959,1364.3179323673248,1688605061.587259,1688606425.639872,71.07472229003906,88.76134490966797,0.1427428126335144,17.19635009765625,79.6109848022461,136215.578125,2.3289613723754883
27,Mish,0.8833146674633133,3,3,0,2,1,1,off,4.86961788736412e-05,139,92.94615936279295,-3.2969889640808105,-0.4037323892116546,19,0.264315128326416,1559.5611696243286,1688605061.5867414,1688606620.8831291,92.94615936279295,93.53728485107422,0.4037323892116546,52.42345428466797,86.85055541992188,155751.671875,3.2969889640808105
28,Mish,0.2776190370784377,4,0,4,4,3,1,off,0.0008724617085521,66,34.55311965942383,-3.47869610786438,-0.1004872471094131,2,0.25726318359375,1197.4129948616028,1688605061.579691,1688606258.7349672,34.55311965942383,83.57563018798828,0.1004872471094131,11.25997829437256,59.72380447387695,119537.1171875,3.47869610786438
29,Mish,0.3063611744477499,3,2,2,4,0,0,off,0.0005768689081636,141,84.02803039550781,-2.627336025238037,-0.581302285194397,23,0.2674190998077392,1756.2248470783234,1688605061.589845,1688606817.546788,84.02803039550781,91.1196517944336,0.581302285194397,72.66061401367188,90.6704330444336,175417.96875,2.627336025238037
30,Mish,0.4482517657237961,2,0,3,2,3,0,off,5.776432783428673e-05,119,93.74008178710938,-2.5617868900299072,-0.6830390691757202,24,0.2650158405303955,1696.1930556297302,1688605061.587446,1688606757.5151155,93.74008178710938,96.19977569580078,0.6830390691757202,89.29625701904297,84.45318603515625,169394.75,2.5617868900299072
31,Mish,0.6149442953254778,2,4,0,1,0,2,on,0.0004114222005107,84,78.99038696289062,-2.2129969596862797,-0.5686147212982178,26,0.2634468078613281,1057.7485728263855,1688605061.585872,1688606119.070522,78.99038696289062,91.68115234375,0.5686147212982178,99.25806427001952,90.22525024414062,105570.15625,2.2129969596862797
32,Mish,0.7261202684902748,0,0,1,1,0,2,on,0.0009263856054958,100,71.35272216796875,-3.25994086265564,-0.3082773387432098,28,0.2648773193359375,1563.7805585861206,1688605061.587309,1688606625.1025157,71.35272216796875,68.42906188964844,0.3082773387432098,43.05238342285156,39.39554977416992,156152.640625,3.25994086265564
33,ReLU,0.906617018074688,3,1,0,2,1,3,on,0.000968977387711,168,15.844145774841309,-1.4957561492919922,-0.4090791940689087,3,0.257159948348999,1229.3527374267578,1688605061.5795882,1688606290.6746514,15.844145774841309,15.928668975830078,0.4090791940689087,52.88649368286133,53.071998596191406,122730.6171875,1.4957561492919922
34,Mish,0.0041430902266155,3,4,3,2,0,0,on,0.0004179753934328,137,93.64666748046876,-2.768258571624756,-0.3798874020576477,31,0.2688107490539551,1809.119942903519,1688605061.5912352,1688606870.441871,93.64666748046876,93.74917602539062,0.3798874020576477,52.005855560302734,92.74231719970705,180707.484375,2.768258571624756
35,Mish,0.8575344975147695,2,0,2,1,2,0,on,0.0001828422737501,101,85.51480865478516,-3.168242692947388,-0.9322784543037416,40,55.332030057907104,1447.7787263393402,1688605116.6544442,1688606509.1007905,85.51480865478516,92.15001678466795,0.9322784543037416,123.26253509521484,83.24676513671875,139240.15625,3.168242692947388
36,ReLU,0.8766477151984745,2,3,2,2,2,0,on,0.0001580178829644,83,83.56649017333984,-1.846256256103516,-0.8494794368743896,45,470.00710225105286,1430.9841794967651,1688605531.329519,1688606492.3062258,83.56649017333984,90.54369354248048,0.8494794368743896,119.88601684570312,78.33747863769531,96085.3359375,1.846256256103516
37,Hardswish,0.644423351180607,0,4,0,4,1,4,off,0.0002611234508676,72,56.42462921142578,-1.668310284614563,-0.0853437334299087,46,474.61259722709656,1249.061197757721,1688605535.9350195,1688606310.383209,56.42462921142578,87.06287384033203,0.0853437334299087,11.408419609069824,77.30445098876953,77432.5234375,1.668310284614563
38,Hardswish,0.0754836717923753,3,0,2,2,3,0,off,0.0001200548707554,101,93.03016662597656,-1.3254669904708862,-0.634466290473938,47,501.7067370414734,1320.3714373111725,1688605563.0291529,1688606381.693493,93.03016662597656,96.88148498535156,0.634466290473938,69.1370849609375,93.17276000976562,81854.296875,1.3254669904708862
39,ReLU,0.497919459483533,0,0,1,0,3,1,off,0.0003149042239767,79,78.28966522216797,-1.261990666389465,-0.1017810702323913,48,524.5544621944427,1085.36403632164,1688605585.8768775,1688606146.686096,78.28966522216797,90.12953186035156,0.1017810702323913,11.834296226501465,43.87448120117188,56068.58984375,1.261990666389465
40,Mish,0.8920167041606801,4,1,1,3,2,1,on,0.0004291885668231,32,28.482053756713867,-2.3096923828125,-0.3687648475170135,49,614.6085147857666,1120.3382346630096,1688605675.9309316,1688606181.6602914,28.482053756713867,84.58894348144531,0.3687648475170135,40.94405364990234,50.51744842529297,50560.66015625,2.3096923828125
41,ReLU,0.0403212005729353,2,3,3,0,2,3,on,0.0009678855962842,108,90.56602478027344,-1.4315377473831177,-0.6278369426727295,50,627.366461277008,1860.939968585968,1688605688.688878,1688606922.2620296,90.56602478027344,90.23126220703124,0.6278369426727295,92.63387298583984,91.14491271972656,123345.0078125,1.4315377473831177
42,ReLU,0.6987599831671818,3,0,4,4,2,3,off,0.0005263780623194,46,58.3342399597168,-1.9972398281097408,-0.4473052024841308,53,696.2400553226471,1237.2477295398712,1688605757.5624714,1688606298.569797,58.3342399597168,80.96653747558594,0.4473052024841308,49.5542106628418,52.58192443847656,54090.390625,1.9972398281097408
43,Hardswish,0.992905783173365,3,4,1,0,1,0,on,4.066276104654827e-05,86,50.42388153076172,-1.5584357976913452,-0.0379448160529136,55,775.4335129261017,1370.9488241672516,1688605836.7559333,1688606432.2708774,50.42388153076172,89.40906524658203,0.0379448160529136,11.6975679397583,60.471588134765625,59539.1875,1.5584357976913452
44,ReLU,0.3127932339085348,4,3,2,1,1,3,off,0.0007672815505716,31,60.79283905029297,-1.617923617362976,-0.3548743724822998,56,793.0866124629974,1090.307363033295,1688605854.4090269,1688606151.6294265,60.79283905029297,82.5550537109375,0.3548743724822998,47.957763671875,57.46520233154297,29709.73046875,1.617923617362976
45,ReLU,0.5825661906409582,1,1,2,4,3,0,on,6.643034955163991e-05,116,91.4718780517578,-1.7676597833633425,-0.3239278793334961,57,801.2525715827942,1930.9897487163544,1688605862.574988,1688606992.3118086,91.4718780517578,92.78105926513672,0.3239278793334961,39.66606521606445,91.33488464355467,112961.390625,1.7676597833633425
46,Hardswish,0.6112975805262192,0,2,3,0,4,1,off,0.0003434730982602,21,31.89923095703125,-1.8301887512207031,-0.443212479352951,59,928.4198479652404,1186.2220830917358,1688605989.7422614,1688606247.5441349,31.89923095703125,85.29905700683594,0.443212479352951,56.05492782592773,74.08590698242188,25767.8671875,1.8301887512207031
47,Hardswish,0.1181967271235174,2,4,4,0,0,0,off,0.0003873637931903,157,92.21881866455078,-1.5594375133514404,-0.4139470756053924,6,0.2643122673034668,1198.84037566185,1688605061.5867374,1688606260.1623251,92.21881866455078,98.20455932617188,0.4139470756053924,43.98739242553711,93.70446014404295,119679.1015625,1.5594375133514404
48,ReLU,0.6046508422920102,4,2,2,3,3,1,off,0.0008874038826771,44,37.61270523071289,-1.3068368434906006,-0.516224205493927,68,1197.4638078212738,1679.780400514603,1688606258.78622,1688606741.1024742,37.61270523071289,47.217552185058594,0.516224205493927,72.52239990234375,30.370092391967773,48219.36328125,1.3068368434906006
49,ReLU,0.0968333460872048,1,0,3,2,4,3,on,0.0003088655519522,33,86.68426513671875,-1.5465425252914429,-0.3854492008686065,69,1198.8919801712036,1457.676075220108,1688606260.2143934,1688606518.9981463,86.68426513671875,88.9820327758789,0.3854492008686065,49.332008361816406,87.49896240234375,25866.078125,1.5465425252914429
50,Hardswish,0.801233284034008,2,0,4,3,0,2,on,0.0002277429968255,71,86.6815185546875,-1.860459446907044,-0.5164908170700073,70,1229.404628753662,1900.549769878388,1688606290.727041,1688606961.8718238,86.6815185546875,76.29312133789062,0.5164908170700073,76.37481689453125,85.14450073242188,67104.96875,1.860459446907044
51,Mish,0.4218289200863601,3,1,2,3,1,0,off,0.0004365220247811,32,75.63331604003906,-2.3454720973968506,-0.3701308667659759,72,1249.1129126548767,1640.3889338970184,1688606310.435334,1688606701.7109678,75.63331604003906,89.59247589111328,0.3701308667659759,49.41999053955078,79.12898254394531,39115.26953125,2.3454720973968506
52,Hardswish,0.4701659113682351,2,2,3,0,4,0,on,0.0004498021033612,13,51.8123893737793,-1.978495717048645,-0.6651952862739563,77,1431.0348670482635,1550.610627412796,1688606492.3572829,1688606611.9326758,51.8123893737793,84.09255981445312,0.6651952862739563,83.50489044189453,70.52525329589844,11945.220703125,1.978495717048645
53,ReLU,0.6892347892283437,2,0,4,0,1,0,on,0.0003337533709217,176,94.02832794189452,-1.6038469076156616,-0.1888308078050613,8,0.2678184509277344,1719.396758556366,1688605061.5902476,1688606780.718659,94.02832794189452,96.26383209228516,0.1888308078050613,38.32939147949219,92.2816390991211,171719.546875,1.6038469076156616
54,Hardswish,0.439301695635415,2,0,0,2,4,3,off,0.0006936603106621,11,49.79020309448242,-2.0812997817993164,-0.6296880841255188,89,1809.1725447177887,1914.8180322647097,1688606870.494958,1688606976.140201,49.79020309448242,77.55986785888672,0.6296880841255188,86.56365966796875,35.9422492980957,10552.248046875,2.0812997817993164
55,ReLU,0.2811182498112143,0,3,4,2,1,0,off,0.0008373613656171,136,84.61759948730469,-1.5731786489486694,-0.3645940721035003,94,1941.454929828644,3058.9770724773407,1688607002.7773438,1688608120.2988803,84.61759948730469,62.889678955078125,0.3645940721035003,48.18490219116211,88.97254180908203,111739.8828125,1.5731786489486694
56,Mish,0.6724064193354586,1,2,2,3,1,4,off,0.0005925986901358,45,48.35882186889648,-2.9148738384246826,-0.5948338508605957,104,2307.8621904850006,2987.2368898391724,1688607369.1846037,1688608048.5589583,48.35882186889648,81.8415756225586,0.5948338508605957,79.70093536376953,64.82186126708984,67925.1328125,2.9148738384246826
57,Hardswish,0.30292885846506,2,2,4,3,2,2,on,0.0008178279844873,56,66.5029067993164,-2.229203701019287,-0.9514603614807128,108,2346.42301607132,3051.411125183105,1688607407.745426,1688608112.733197,66.5029067993164,74.94318389892578,0.9514603614807128,121.12567901611328,72.05337524414062,70493.1015625,2.229203701019287
58,Mish,0.384376457451664,4,3,4,2,0,0,on,0.0004851513563382,19,64.51480102539062,-2.771057367324829,-0.3296088576316833,109,2367.083931684494,2697.7076394557957,1688607428.4063437,1688607759.0296998,64.51480102539062,62.91371536254883,0.3296088576316833,50.56924819946289,55.13743591308594,33050.046875,2.771057367324829
59,ReLU,0.271130646181262,4,1,3,3,4,1,on,0.0005091470231889,191,91.54724884033205,-1.5654999017715454,-0.1422063261270523,15,0.2649366855621338,2345.610045194626,1688605061.587366,1688607406.9319875,91.54724884033205,79.00269317626953,0.1422063261270523,16.576547622680664,93.55399322509766,234335.171875,1.5654999017715454
60,Mish,0.7415799077502442,4,3,1,4,1,3,off,0.0002083933625097,166,90.18023681640624,-2.521585702896118,-0.1143611073493957,34,0.2711942195892334,2229.1654522418976,1688605061.5936162,1688607290.4873922,90.18023681640624,93.39453125,0.1143611073493957,15.44192886352539,91.46090698242188,222696.765625,2.521585702896118
61,ReLU,0.7305603895307673,2,2,4,1,2,2,off,0.0001376515916576,190,94.74118041992188,-2.142603874206543,-0.9383448958396912,38,0.2753169536590576,2443.6893396377563,1688605061.5977447,1688607505.0112731,94.74118041992188,99.842041015625,0.9383448958396912,107.5390853881836,94.35799407958984,244144.703125,2.142603874206543
62,ReLU,0.2137149007240998,2,3,0,3,3,3,on,0.0008251029422967,187,82.91276550292969,-1.3801017999649048,-0.4342740774154663,41,197.53855681419373,2167.36682677269,1688605258.860972,1688607228.6888494,82.91276550292969,95.4529800415039,0.4342740774154663,58.76924514770508,93.86444091796876,196970.484375,1.3801017999649048
63,ReLU,0.6829208427002188,2,3,2,2,0,3,off,3.221437871349889e-05,195,94.47409057617188,-1.3953481912612915,-0.7169877290725708,44,424.0144805908203,2545.748832464218,1688605485.3368936,1688607607.0708978,94.47409057617188,99.7806396484375,0.7169877290725708,106.03662872314452,92.36502075195312,212162.0625,1.3953481912612915
64,Hardswish,0.6676036658166711,4,2,3,3,1,4,on,0.0007027818028412,177,89.72981262207031,-2.9707107543945312,-0.4546408355236053,5,0.2643020153045654,2741.835278272629,1688605061.586727,1688607803.1572266,89.72981262207031,91.64325714111328,0.4546408355236053,63.15389251708984,92.5610580444336,273978.65625,2.9707107543945312
65,Mish,0.4604311230523794,0,0,3,2,0,0,off,0.0008242619275619,134,86.36612701416016,-2.627504825592041,-0.3572275936603546,51,633.039895772934,2177.447232246399,1688605694.362312,1688607238.7692804,86.36612701416016,78.75279998779297,0.3572275936603546,47.99615859985352,57.47605895996094,154428.421875,2.627504825592041
66,ReLU,0.1655312581591022,0,4,0,2,2,4,off,0.0005699303560178,133,84.67463684082031,-1.7572144269943235,-0.5988498330116272,52,659.8700921535492,1977.0668320655825,1688605721.1925056,1688607038.3888862,84.67463684082031,97.1813507080078,0.5988498330116272,75.09648895263672,88.58988189697266,131707.34375,1.7572144269943235
67,Mish,0.7924572028823986,2,0,2,1,0,1,off,0.0001905207978296,165,90.91754913330078,-2.890817403793335,-0.6823079586029053,58,822.2096078395844,2307.812355041504,1688605883.53202,1688607369.1344247,90.91754913330078,99.66317749023438,0.6823079586029053,81.10529327392578,91.31731414794922,148547.90625,2.890817403793335
68,Hardswish,0.9959571561250984,3,2,2,2,1,1,on,0.0008376665575663,180,89.78155517578125,-2.2304024696350098,-0.6112098097801208,60,933.8447451591492,2867.4896504879,1688605995.167163,1688607928.8117042,89.78155517578125,78.1202163696289,0.6112098097801208,89.28147888183594,92.06360626220705,193352.15625,2.2304024696350098
69,Mish,0.4359094380450543,3,2,0,0,1,4,on,0.0001625643190917,124,88.73657989501953,-2.045185804367065,-0.3264970183372497,62,1023.2827200889589,1975.155503988266,1688606084.6051402,1688607036.4775538,88.73657989501953,93.51065826416016,0.3264970183372497,46.53831481933594,90.3505401611328,95174.9375,2.045185804367065
70,Hardswish,0.0484220560642785,4,0,0,3,3,1,on,0.0003981948152983,143,90.00321960449219,-1.2943792343139648,-0.1533763110637664,63,1057.7988500595093,2151.462396383285,1688606119.121265,1688607212.784569,90.00321960449219,90.37632751464844,0.1533763110637664,15.989140510559082,91.03033447265624,109354.0234375,1.2943792343139648
71,ReLU,0.3581476993131693,1,3,1,2,0,4,off,0.0003276443093455,139,90.7702407836914,-1.4765393733978271,-0.3481587171554565,64,1085.4134871959686,2287.3276648521423,1688606146.735902,1688607348.649693,90.7702407836914,84.0931625366211,0.3481587171554565,46.53355026245117,83.29150390625,120179.0546875,1.4765393733978271
72,ReLU,0.50546671637147,0,1,1,2,0,2,off,0.0007256647256791,165,90.38424682617188,-1.238361954689026,-0.5362284779548645,65,1090.356900691986,2367.0320324897766,1688606151.6793172,1688607428.3540952,90.38424682617188,92.4867935180664,0.5362284779548645,67.4260482788086,90.33651733398438,127655.15625,1.238361954689026
73,ReLU,0.4238759222652925,2,4,1,4,4,3,off,0.0004515686346025,145,91.45516967773438,-2.075622081756592,-0.4285183846950531,67,1186.2708208560944,3035.566060066223,1688606247.5932326,1688608096.8881052,91.45516967773438,93.07083892822266,0.4285183846950531,48.010704040527344,89.22721862792969,184917.171875,2.075622081756592
74,ReLU,0.4381654022074419,1,1,3,2,0,0,on,0.0009215205768926,113,59.86555480957031,-1.2127437591552734,-0.3146334588527679,71,1237.2992672920227,2117.171499967575,1688606298.6216812,1688607178.4935513,59.86555480957031,71.5589828491211,0.3146334588527679,47.91423416137695,30.92344856262207,87974.8984375,1.2127437591552734
75,Hardswish,0.9554333328562276,4,4,2,2,4,0,on,7.181884792349385e-05,118,69.26129913330078,-2.9651570320129395,-0.6190869808197021,73,1320.421795129776,2734.484364032746,1688606381.744211,1688607795.8064048,69.26129913330078,91.23802947998048,0.6190869808197021,64.01888275146484,91.79808807373048,141393.90625,2.9651570320129395
76,ReLU,0.789294850684868,4,1,1,3,1,1,on,0.0002337778563945,188,34.43791961669922,-1.7100820541381836,-0.1102766990661621,74,1355.2807168960571,2848.6725142002106,1688606416.6031337,1688607909.994549,34.43791961669922,61.46440124511719,0.1102766990661621,11.741937637329102,67.9267578125,149326.796875,1.7100820541381836
77,ReLU,0.9233323309665188,1,1,4,4,1,3,on,0.0004922260209401,113,71.7981185913086,-2.2247116565704346,-0.0956219360232353,75,1364.3694925308228,2488.253833293915,1688606425.691908,1688607549.575857,71.7981185913086,39.70819854736328,0.0956219360232353,10.952510833740234,67.38714599609375,112376.0859375,2.2247116565704346
78,ReLU,0.1687345194815667,3,0,0,3,4,1,off,0.0004437568128119,86,90.0076904296875,-1.7667241096496582,-0.1459211111068725,78,1447.82949757576,2346.3733835220337,1688606509.1519089,1688607407.695453,90.0076904296875,91.38534545898438,0.1459211111068725,16.036569595336914,87.9078369140625,89842.0625,1.7667241096496582
79,ReLU,0.6568323133641896,4,1,2,1,3,2,on,0.0004592457518807,98,79.1188735961914,-3.081596851348877,-0.5850971341133118,80,1550.6598870754242,2663.304267644882,1688606611.982303,1688607724.6263115,79.1188735961914,79.41847229003906,0.5850971341133118,68.45167541503906,52.40210723876953,111252.0703125,3.081596851348877
80,ReLU,0.9630727357456084,2,3,0,3,2,1,on,0.0002238821410377,81,83.50862121582031,-1.4889752864837646,-0.6902435421943665,82,1563.8318116664886,2336.530535936356,1688606625.154233,1688607397.8526075,83.50862121582031,90.6501235961914,0.6902435421943665,83.4160385131836,80.61420440673828,77257.5859375,1.4889752864837646
81,Mish,0.9262813166163616,0,2,2,3,0,0,on,0.000346418149071,80,81.1059799194336,-2.6720080375671387,-0.6120277047157288,84,1679.8294489383698,2701.9805884361267,1688606741.1518607,1688607763.3026628,81.1059799194336,87.35517120361328,0.6120277047157288,70.444580078125,83.78070831298828,102202.8125,2.6720080375671387
82,Hardswish,0.8117138881009107,1,1,1,1,2,0,on,0.000751864950647,77,35.038909912109375,-1.0777761936187744,-0.20590940117836,90,1860.9900391101835,2509.1752967834477,1688606922.3124542,1688607570.497348,35.038909912109375,61.9448356628418,0.20590940117836,46.61090850830078,30.62035179138184,64809.73046875,1.0777761936187744
83,Mish,0.1075695585688933,4,3,1,1,2,2,off,7.437225590763541e-05,67,91.87123107910156,-2.9253594875335693,-0.5648947954177856,91,1900.599332809448,2795.479320526123,1688606961.921745,1688607856.8014843,91.87123107910156,92.06712341308594,0.5648947954177856,72.77082061767578,89.1731948852539,89475.671875,2.9253594875335693
84,Hardswish,0.3535694934540552,0,2,0,1,4,2,off,0.0009020329529215,15,59.42622756958008,-1.3433704376220703,-0.7081693410873413,92,1914.8660209178925,2037.292191028595,1688606976.1884334,1688607098.6142347,59.42622756958008,77.18653106689453,0.7081693410873413,63.42133712768555,74.15830993652344,12230.6162109375,1.3433704376220703
85,ReLU,0.7596198960012789,2,3,3,0,3,1,on,0.00075592811445,41,31.19894790649414,-1.3183504343032837,-0.5123681426048279,93,1931.0420384407043,2328.601393699646,1688606992.3644524,1688607389.9234564,31.19894790649414,63.58562469482422,0.5123681426048279,44.13126373291016,32.96745681762695,39743.6328125,1.3183504343032837
86,Hardswish,0.1769298340820504,1,1,2,3,3,2,on,0.0002791893275624,129,92.56558227539062,-1.489416480064392,-0.5983143448829651,125,3059.032541036606,4243.7139394283295,1688608120.3549547,1688609305.0349274,92.56558227539062,93.04255676269533,0.5983143448829651,87.82162475585938,90.95025634765624,118465.6015625,1.489416480064392
87,Hardswish,0.7627415355136559,3,3,2,1,4,0,on,1.7641855968631013e-05,106,87.71757507324219,-1.99483585357666,-0.3613215088844299,100,2167.418206691742,3275.214490890503,1688607228.740622,1688608336.536526,87.71757507324219,93.52727508544922,0.3613215088844299,44.12763214111328,89.81510925292969,110767.3046875,1.99483585357666
88,Mish,0.2368402672419023,1,0,3,0,3,0,off,0.0005408861900488,110,82.92990112304688,-2.643849372863769,-0.1061404943466186,101,2177.4982602596283,3757.455796718597,1688607238.8206754,1688608818.7778642,82.92990112304688,93.703369140625,0.1061404943466186,14.481767654418944,70.29370880126953,157983.453125,2.643849372863769
89,ReLU,0.6460777138854333,2,2,0,0,1,0,off,0.000435682721449,179,92.5453109741211,-1.3981741666793823,-0.5940147042274475,102,2229.2183644771576,3504.579400539398,1688607290.5407798,1688608565.9014463,92.5453109741211,98.7123031616211,0.5940147042274475,72.26873779296875,94.20037078857422,127523.7734375,1.3981741666793823
90,Mish,0.9872570037664216,1,0,0,4,1,1,off,0.0004719217782336,127,81.5452880859375,-3.207962989807129,-0.1008368134498596,105,2328.652858972549,3941.573083162308,1688607389.9752736,1688609002.8938153,81.5452880859375,85.8785171508789,0.1008368134498596,10.239787101745604,73.79798889160156,161284.765625,3.207962989807129
91,Hardswish,0.922228471681087,2,4,0,2,0,4,off,0.000822952607064,108,71.54928588867188,-2.1423285007476807,-0.6251000165939331,106,2336.579806089401,3640.8894958496094,1688607397.902228,1688608702.211553,71.54928588867188,78.21896362304688,0.6251000165939331,69.90914154052734,76.89884948730469,130418.703125,2.1423285007476807
92,Hardswish,0.4273090271446516,2,4,0,4,1,1,off,0.0008540804940745,140,87.9502944946289,-1.84127414226532,-0.3230486214160919,107,2345.6638038158417,3761.597852230072,1688607406.986221,1688608822.9198878,87.9502944946289,90.53960418701172,0.3230486214160919,42.10202026367188,85.57076263427734,141581.0625,1.84127414226532
93,Hardswish,0.2196065666966203,3,0,1,0,1,1,on,0.0009604997375348,168,64.26675415039062,-1.171097993850708,-0.088075190782547,111,2488.3074893951416,3528.903264284134,1688607549.6299038,1688608590.225317,64.26675415039062,14.207512855529783,0.088075190782547,10.389514923095703,58.2633171081543,104047.0390625,1.171097993850708
94,Mish,0.5351068927945737,4,2,4,0,2,1,off,9.125860505670216e-05,57,87.1687240600586,-3.720996856689453,-0.6403114199638367,112,2509.224927186966,3342.303417444229,1688607570.5473423,1688608403.6254697,87.1687240600586,90.91793060302734,0.6403114199638367,92.03844451904295,85.15185546875,83295.5078125,3.720996856689453
95,Hardswish,0.2797168198600426,0,0,2,4,3,0,off,0.0007271684417384,105,85.80762481689453,-1.899293541908264,-0.3149700462818146,113,2545.7997381687164,3534.1098787784576,1688607607.1221616,1688608595.4319534,85.80762481689453,75.55107116699219,0.3149700462818146,45.18685531616211,70.41665649414062,98818.671875,1.899293541908264
96,ReLU,0.6864910808301139,2,0,0,3,4,3,off,0.0009668283358311,125,12.542673110961914,-2.0866479873657227,-0.354789674282074,114,2663.357605934143,4213.489199399948,1688607724.6800213,1688609274.8098695,12.542673110961914,21.5784912109375,0.354789674282074,47.46687316894531,66.0644302368164,155000.84375,2.0866479873657227
97,ReLU,0.2343642285375649,3,4,2,1,0,1,on,0.0002575078950898,132,65.87417602539062,-1.4953933954238892,-0.3435071408748626,116,2702.0309092998505,3917.1551797389984,1688607763.3533206,1688608978.476011,65.87417602539062,94.1364974975586,0.3435071408748626,46.07165145874024,91.84722900390624,121499.9921875,1.4953933954238892
98,Hardswish,0.3146125955219548,2,0,1,3,1,3,off,0.0007350675276349,180,80.97005462646484,-1.5492088794708252,-0.397394597530365,117,2734.5345137119293,3978.169301748276,1688607795.85693,1688609039.4900014,80.97005462646484,99.00447845458984,0.397394597530365,45.039833068847656,92.82117462158205,124351.0078125,1.5492088794708252
99,Hardswish,0.051281101290972,4,1,4,0,2,3,off,0.0006082733780312,7,79.84508514404297,-1.8883945941925049,-0.2787239253520965,131,3275.266304969788,3345.948969125748,1688608336.5887203,1688608407.2710152,79.84508514404297,85.04350280761719,0.2787239253520965,53.585693359375,65.62313842773438,7058.693359375,1.8883945941925049
100,Hardswish,0.5375436295939596,1,4,0,4,1,1,off,0.000319816054401,10,75.7076416015625,-1.30544114112854,-0.0864797458052635,132,3315.2143127918243,3387.977353572845,1688608376.5367258,1688608449.2994232,75.7076416015625,86.79268646240234,0.0864797458052635,10.098793983459473,78.79771423339844,7266.74560546875,1.30544114112854
101,ReLU,0.1856105003775326,0,1,0,3,0,2,on,0.0001410305925638,130,93.4546356201172,-1.0932213068008425,-0.375910371541977,133,3328.8951148986816,4151.2752232551575,1688608390.2175276,1688609212.5818696,93.4546356201172,93.7515869140625,0.375910371541977,46.62083053588867,84.55228424072266,82231.8046875,1.0932213068008425
102,Mish,0.7722300201266468,3,3,0,0,0,3,off,0.0006806089542644,65,37.095062255859375,-2.3989574909210205,-0.1453650593757629,135,3345.9981513023376,4014.8297007083897,1688608407.3205705,1688609076.1516707,37.095062255859375,77.06438446044922,0.1453650593757629,16.285280227661133,66.39214324951172,66870.7890625,2.3989574909210205
103,Mish,0.8384530695949085,0,0,0,3,1,0,off,1.426466951083521e-05,35,86.13347625732422,-1.8925434350967407,-0.110144093632698,138,3414.366863965988,3846.503260374069,1688608475.6892805,1688608907.8253195,86.13347625732422,91.6371078491211,0.110144093632698,12.689098358154297,87.26351165771484,43201.3203125,1.8925434350967407
104,ReLU,0.9244465553946584,3,0,0,0,1,3,on,5.625298104056669e-05,12,67.79502868652344,-0.9794423580169678,-0.1741616129875183,140,3504.6291105747223,3567.52027630806,1688608565.9515254,1688608628.8422508,67.79502868652344,86.44670104980469,0.1741616129875183,11.95307445526123,65.01683807373047,6280.49169921875,0.9794423580169678
105,Hardswish,0.6553728054120393,0,1,4,0,2,3,off,0.0002192404904696,27,69.07937622070312,-1.546281814575195,-0.2675950527191162,154,3978.32328748703,4240.431324005127,1688609039.6457047,1688609301.7533803,69.07937622070312,86.94801330566406,0.2675950527191162,43.66307067871094,77.41297149658203,26189.904296875,1.546281814575195
106,ReLU,0.6048346317893851,3,4,1,2,3,1,on,0.0001850672233632,16,64.80255889892578,-2.353899478912353,-0.3711171448230743,156,4015.2671456336975,4214.7947907447815,1688609076.589568,1688609276.1168413,64.80255889892578,86.88822174072266,0.3711171448230743,54.1529655456543,48.55159378051758,19931.83203125,2.353899478912353
107,Mish,0.1315675599348387,1,1,2,3,4,3,on,0.0009543608531255,194,93.91222381591795,-3.0423929691314697,-0.4099907577037811,37,0.2745223045349121,3228.244119167328,1688605061.596948,1688608289.5660012,93.91222381591795,94.26087951660156,0.4099907577037811,56.46506118774414,92.778564453125,322598.125,3.0423929691314697
108,Mish,0.0535078350191296,2,2,0,3,2,4,on,0.000159133149806,155,94.32477569580078,-3.0499064922332764,-0.591513991355896,43,386.28235030174255,3075.402742624283,1688605447.6047685,1688608136.724778,94.32477569580078,97.11638641357422,0.591513991355896,93.25811004638672,94.4428482055664,268899.6875,3.0499064922332764
109,Mish,0.0571098545952146,3,3,2,4,4,3,on,0.000782216461205,165,94.35725402832033,-3.345662832260132,-0.3651599586009979,66,1120.3887145519257,3819.985813140869,1688606181.71113,1688608881.3078656,94.35725402832033,95.0601806640625,0.3651599586009979,59.52210998535156,92.49512481689452,269947.375,3.345662832260132
110,Mish,0.8359249247711189,4,4,3,3,3,3,off,0.0009444092621826,179,83.496826171875,-3.229548215866089,-0.171232059597969,7,0.2582042217254638,3144.614055156708,1688605061.580628,1688608205.9360328,83.496826171875,88.73381042480469,0.171232059597969,18.63096237182617,85.82650756835938,314257.65625,3.229548215866089
111,ReLU,0.9312637733018896,2,4,0,3,4,3,on,0.0005566728292384,160,68.59929656982422,-2.441705703735352,-0.3965713381767273,76,1370.9987869262695,3658.93367433548,1688606432.3212066,1688608720.2557273,68.59929656982422,86.28778839111328,0.3965713381767273,48.75215911865234,80.88084411621094,228781.140625,2.441705703735352
112,Mish,0.9022102121590958,0,4,4,4,0,3,on,0.0002282942187101,176,91.11212158203124,-2.713843822479248,-0.105056993663311,81,1559.6125931739807,3991.158957481384,1688606620.935006,1688609052.4809537,91.11212158203124,93.21485900878906,0.105056993663311,11.51472282409668,92.68331909179688,243142.34375,2.713843822479248
113,ReLU,0.6140101670646855,1,0,0,3,4,3,off,0.0008475867788576,200,59.768821716308594,-1.1798768043518066,-0.1370321363210678,85,1696.2453410625458,3784.283303499222,1688606757.5677595,1688608845.6053352,59.768821716308594,59.810768127441406,0.1370321363210678,13.624164581298828,81.49153900146484,208791.40625,1.1798768043518066
114,Hardswish,0.7717872083802627,1,3,3,1,3,2,on,0.0007358015678532,162,83.35498046875,-1.6117762327194214,-0.4119513332843781,86,1719.449522972107,3414.315901517868,1688606780.7719393,1688608475.6379578,83.35498046875,89.30448913574219,0.4119513332843781,47.89128112792969,89.15399932861328,169474.234375,1.6117762327194214
115,Mish,0.7246612793106856,2,3,0,1,3,3,on,0.0009839154313236,123,60.83257293701172,-2.73758602142334,-0.4403746128082275,87,1755.1490349769592,3396.412264585495,1688606816.4714532,1688608457.734315,60.83257293701172,42.86532974243164,0.4403746128082275,52.655006408691406,68.25350952148438,164113.984375,2.73758602142334
116,Hardswish,0.6228732478447585,3,2,1,2,1,4,on,0.0004473386099099,113,88.45328521728516,-2.233985185623169,-0.6245216727256775,88,1756.277260303497,3089.8710157871246,1688606817.5996745,1688608151.193085,88.45328521728516,91.2597885131836,0.6245216727256775,76.98480224609375,73.17411804199219,133347.03125,2.233985185623169
117,Mish,0.2680993035016789,1,3,1,1,0,0,on,0.0005303834214202,150,88.97300720214844,-1.7683298587799072,-0.1051086410880088,95,1975.206086874008,3426.4590220451355,1688607036.5285048,1688608487.781082,88.97300720214844,81.27447509765625,0.1051086410880088,12.161008834838867,84.1124038696289,145112.9375,1.7683298587799072
118,ReLU,0.5230753608466802,0,2,4,0,2,3,on,0.0002485311327382,125,70.16500091552734,-1.841915726661682,-0.6916167736053467,96,1977.117268562317,3216.016797304153,1688607038.4396806,1688608277.3388655,70.16500091552734,92.83448791503906,0.6916167736053467,82.03631591796875,90.71910095214844,123877.6328125,1.841915726661682
119,Mish,0.1947454780829892,2,4,1,1,4,0,off,0.0003780221397155,104,87.93819427490234,-2.491197347640991,-0.4431939423084259,97,2037.3411300182345,3315.16415810585,1688607098.6635425,1688608376.486219,87.93819427490234,93.7095947265625,0.4431939423084259,49.11330032348633,84.54082489013672,127777.5703125,2.491197347640991
120,ReLU,0.9496569567083808,0,1,2,3,3,3,on,0.0004972521498784,165,59.08405685424805,-1.8018356561660769,-0.4182237386703491,98,2117.2239747047424,3975.263816833496,1688607178.5463886,1688609036.585814,59.08405685424805,89.7665023803711,0.4182237386703491,46.74254608154297,52.51148986816406,185799.15625,1.8018356561660769
121,ReLU,0.4633600308726397,3,0,3,3,4,1,on,0.0003207246604737,121,86.47821044921875,-1.991167068481445,-0.1495638489723205,99,2151.511726140976,3328.845813512802,1688607212.83414,1688608390.167854,86.47821044921875,92.80587768554688,0.1495638489723205,18.290151596069336,75.47337341308594,117721.0390625,1.991167068481445
122,ReLU,0.970876132366107,1,1,3,2,3,1,on,8.37805043737353e-05,52,43.88946533203125,-1.3931443691253662,-0.5397616028785706,161,4243.79154920578,4660.094559431076,1688609305.113964,1688609721.4164414,43.88946533203125,84.01399230957031,0.5397616028785706,58.79499053955078,49.16880798339844,41617.9921875,1.3931443691253662
123,Hardswish,0.2671806111016283,0,4,4,0,3,1,on,0.00014037358811,186,93.70240020751952,-2.013708114624023,-0.0803085044026374,110,2443.746162891388,4400.060882329941,1688607505.0685797,1688609461.3828592,93.70240020751952,93.10536193847656,0.0803085044026374,12.815167427062988,92.54068756103516,195618.890625,2.013708114624023
124,Mish,0.2916641932239245,2,4,3,2,4,3,on,2.500943048322167e-05,99,90.70359802246094,-3.279766321182251,-0.5379403233528137,115,2697.7603590488434,4245.61199760437,1688607759.0827725,1688609306.9339907,90.70359802246094,94.47537231445312,0.5379403233528137,88.6882553100586,92.88836669921876,154772.640625,3.279766321182251
125,ReLU,0.8382118007535837,1,1,3,0,2,0,off,7.224992538849225e-05,167,93.48517608642578,-1.378168702125549,-0.4190701842308045,120,2848.729115009308,4389.050409555435,1688607910.0515308,1688609450.3723917,93.48517608642578,99.20783996582033,0.4190701842308045,43.36931610107422,86.24193572998047,154019.5625,1.378168702125549
126,Hardswish,0.3679941328259042,4,2,4,0,2,1,on,0.0008956235347038,118,69.28557586669922,-2.241309642791748,-0.6675084233283997,122,2987.285476446152,4327.44849562645,1688608048.607889,1688609388.7703257,69.28557586669922,78.41935729980469,0.6675084233283997,88.01338958740234,87.17289733886719,134003.90625,2.241309642791748
127,ReLU,0.7481261039490891,4,1,4,2,1,0,on,0.0003104305977246,142,91.20623779296876,-1.9364649057388303,-0.361764132976532,123,3035.621295452118,4625.900244474411,1688608096.9437072,1688609687.2222238,91.20623779296876,88.01126098632812,0.361764132976532,51.03755187988281,74.34822082519531,159015.453125,1.9364649057388303
128,Mish,0.1509668746384934,1,0,4,3,3,4,on,0.0008602176128719,64,76.74388122558594,-2.940061330795288,-0.131833791732788,128,3144.6682221889496,4297.434107542038,1688608205.990635,1688609358.7561147,76.74388122558594,63.80203628540039,0.131833791732788,14.295681953430176,65.58052825927734,115264.3203125,2.940061330795288
129,Hardswish,0.9562223433859456,4,0,0,3,1,3,off,0.0001389481712427,150,92.27025604248048,-1.828868508338928,-0.1287079900503158,129,3216.066674947738,4338.388815879822,1688608277.3890877,1688609399.7109184,92.27025604248048,95.9305419921875,0.1287079900503158,12.412308692932127,92.691162109375,112219.8984375,1.828868508338928
130,ReLU,0.4765733194262495,2,3,2,1,3,0,off,0.0007443933637257,79,65.00833129882812,-1.2538044452667236,-0.7127673029899597,143,3567.5689358711243,4367.006896734238,1688608628.8913505,1688609428.3288765,65.00833129882812,79.43260192871094,0.7127673029899597,87.37090301513672,53.11513519287109,79931.4609375,1.2538044452667236
131,Hardswish,0.3918252727417856,1,2,2,2,2,4,on,0.0005945931703022,82,73.57737731933594,-2.0428757667541504,-0.8265362977981567,144,3640.940281867981,4625.93927025795,1688608702.2627044,1688609687.2115684,73.57737731933594,69.07894134521484,0.8265362977981567,112.26339721679688,79.36835479736328,98481.140625,2.0428757667541504
132,Hardswish,0.4416850399949978,3,1,3,0,1,1,on,0.0003238613108718,14,47.94972229003906,-0.9920077919960022,-0.1064836904406547,159,4214.84325003624,4294.093177556992,1688609276.1656654,1688609355.4152305,47.94972229003906,85.70520782470703,0.1064836904406547,15.83725643157959,68.91705322265625,7914.75927734375,0.9920077919960022
133,Hardswish,0.1535597605491782,4,0,0,0,3,3,off,0.0009746827579317,18,77.69718933105469,-1.3817394971847534,-0.111339196562767,160,4240.755057096481,4383.416417837143,1688609302.0774755,1688609444.7384214,77.69718933105469,87.2734603881836,0.111339196562767,13.046422958374023,65.21174621582031,14253.7724609375,1.3817394971847534
134,ReLU,0.6771224608966261,0,0,1,2,1,4,on,0.0006739523600469,6,57.89191818237305,-1.5791175365447998,-0.3436547517776489,162,4245.899346828461,4293.7776222229,1688609307.2217703,1688609355.099671,57.89191818237305,68.72443389892578,0.3436547517776489,39.3633041381836,40.31718063354492,4780.62890625,1.5791175365447998
135,ReLU,0.1953194501745467,0,0,4,0,1,2,off,0.0002923655457512,38,78.98774719238281,-2.428851127624512,-0.3274096250534057,165,4297.48509144783,4610.403872013092,1688609358.807503,1688609671.7259574,78.98774719238281,90.87663269042967,0.3274096250534057,42.83160400390625,84.59076690673828,31279.60546875,2.428851127624512
136,ReLU,0.8559276532005488,3,3,3,1,3,2,on,0.0009513451786772,6,15.26215648651123,-1.313838005065918,-0.4385053813457489,168,4367.057566404343,4431.720288991928,1688609428.379981,1688609493.042321,15.26215648651123,60.30437088012695,0.4385053813457489,56.26414489746094,53.92233657836914,6457.47705078125,1.313838005065918
137,Mish,0.502688757405446,2,2,0,4,3,0,on,0.0007080108617188,179,81.3385009765625,-2.770159721374512,-0.5311915874481201,79,1457.724923372269,4536.134501934052,1688606519.047335,1688609597.456494,81.3385009765625,93.5700225830078,0.5311915874481201,83.66064453125,93.1342544555664,307828.625,2.770159721374512
138,ReLU,0.9318448549559284,1,1,2,3,4,1,on,0.0009087957294012,145,67.6348648071289,-1.8313045501708984,-0.3776123523712158,177,4660.266844034195,6407.371903657913,1688609721.5892675,1688611468.682342,67.6348648071289,28.225831985473636,0.3776123523712158,41.94644546508789,61.67878341674805,174705.921875,1.8313045501708984
139,Mish,0.7512451733348791,2,4,4,4,1,3,off,0.0005695147311795,177,62.69451141357422,-2.6784920692443848,-0.348871499300003,103,2287.3786239624023,4831.0132513046265,1688607348.7010393,1688609892.3352363,62.69451141357422,97.89754486083984,0.348871499300003,46.50157928466797,85.86168670654297,254351.125,2.6784920692443848
140,ReLU,0.8833234476813957,4,4,4,3,3,1,off,0.0005775066123086,179,75.635986328125,-2.50984001159668,-0.1214183941483497,118,2741.892709493637,4823.01985168457,1688607803.2151227,1688609884.3418288,75.635986328125,95.52042388916016,0.1214183941483497,15.215713500976562,86.99754333496094,208100.15625,2.50984001159668
141,Mish,0.6412030415317557,2,3,2,2,4,4,on,0.0004995581168031,126,66.1906509399414,-3.270578622817993,-0.934099018573761,119,2795.529417037964,5373.676156520844,1688607856.851829,1688610434.9981585,66.1906509399414,89.33547973632812,0.934099018573761,108.60347747802734,85.96470642089844,257802.34375,3.270578622817993
142,ReLU,0.7229628915021581,3,4,0,0,3,3,on,0.0007905661245497,195,75.27965545654297,-2.0599570274353027,-0.1518968343734741,121,2867.5455660820007,4925.969098806381,1688607928.8679829,1688609987.2910552,75.27965545654297,83.3130111694336,0.1518968343734741,15.584239959716797,91.47013854980467,205829.78125,2.0599570274353027
143,Mish,0.1329263721925454,2,1,2,0,3,2,off,0.0006243616457612,133,91.7722396850586,-2.558528184890747,-0.8213337063789368,124,3051.46067237854,4855.324284553528,1688608112.7830832,1688609916.6462846,91.7722396850586,97.0698013305664,0.8213337063789368,125.18505859375,81.26862335205078,180374.046875,2.558528184890747
144,Mish,0.1434395968105498,3,3,0,4,2,2,off,0.0002137249653489,126,93.14212799072266,-3.4465911388397217,-0.598449170589447,126,3075.456794500351,4927.550934791565,1688608136.7792103,1688609988.8729107,93.14212799072266,97.241943359375,0.598449170589447,78.06787109375,93.2293930053711,185206.578125,3.4465911388397217
145,Mish,0.2792456410196638,3,3,4,4,1,0,on,0.000351779607182,151,92.41609954833984,-2.9163260459899902,-0.0826708972454071,127,3089.921465396881,4804.290216684341,1688608151.243878,1688609865.6122122,92.41609954833984,93.04228973388672,0.0826708972454071,14.837825775146484,90.38704681396484,171424.578125,2.9163260459899902
146,Mish,0.7806578415042323,2,3,1,3,4,1,on,0.0009476277321214,109,65.56085205078125,-2.581542491912842,-0.4202703535556793,130,3228.2995052337646,4975.228466749191,1688608289.6219218,1688610036.5504403,65.56085205078125,78.55628967285156,0.4202703535556793,46.83177947998047,57.94513702392578,174680.5625,2.581542491912842
147,Mish,0.4213686873817949,4,4,3,2,4,2,off,0.0003446905575981,154,90.31169891357422,-4.028803825378418,-0.5797898173332214,134,3342.3533186912537,5846.4482963085175,1688608403.6757357,1688610907.7701254,90.31169891357422,95.78441619873048,0.5797898173332214,77.1482925415039,88.73703002929688,250397.125,4.028803825378418
148,Mish,0.0159584121691218,0,3,2,4,3,3,on,0.0003272197622414,134,93.36682891845705,-2.886224269866944,-0.4417307078838349,136,3388.1586158275604,5358.71675491333,1688608449.4810305,1688610420.0386992,93.36682891845705,94.8034439086914,0.4417307078838349,52.5052375793457,93.43834686279295,197043.484375,2.886224269866944
149,ReLU,0.2066072656602578,0,0,4,3,3,2,off,0.0007128979273,172,88.68988800048828,-1.6021519899368286,-0.3488729298114776,137,3396.463792800904,5104.098392963409,1688608457.786209,1688610165.4203703,88.68988800048828,98.7622528076172,0.3488729298114776,50.75149154663086,81.68902587890625,170751.09375,1.6021519899368286
150,Hardswish,0.4524475043857916,1,2,4,4,2,0,off,0.0001237691800314,151,92.75692749023438,-2.161705255508423,-0.6851353049278259,139,3426.510051727295,5294.148562192917,1688608487.8324747,1688610355.4705446,92.75692749023438,97.15909576416016,0.6851353049278259,101.92245483398438,91.1689682006836,186751.703125,2.161705255508423
151,Mish,0.5063059953908947,4,3,1,4,3,1,on,0.0003884651610149,157,88.30855560302734,-2.866806745529175,-0.1340067386627197,141,3528.9530391693115,6200.14409160614,1688608590.2754538,1688611261.4659216,88.30855560302734,74.2254638671875,0.1340067386627197,15.000722885131836,54.41981506347656,267112.96875,2.866806745529175
152,Hardswish,0.0492095566999567,2,1,2,1,0,1,on,0.0004427470072758,196,95.0505828857422,-1.2454192638397217,-0.6691524982452393,142,3534.1588306427,5343.125468969345,1688608595.481254,1688610404.4472914,95.0505828857422,96.92684936523438,0.6691524982452393,83.5817642211914,94.54824829101562,180884.28125,1.2454192638397217
153,Hardswish,0.4259815697668465,0,4,0,2,3,3,off,0.0001220095683465,119,92.58744049072266,-1.4648089408874512,-0.3751324415206909,145,3658.9860866069794,4891.710436344147,1688608720.3085053,1688609953.0310462,92.58744049072266,94.44737243652344,0.3751324415206909,47.48859786987305,91.99945831298828,123259.9609375,1.4648089408874512
154,Hardswish,0.6577694095059481,0,2,3,3,2,1,on,0.0002722898905555,150,90.47457122802734,-1.9246615171432493,-0.5288780331611633,146,3757.50625872612,5635.521818399429,1688608818.8286736,1688610696.843814,90.47457122802734,91.19774627685548,0.5288780331611633,85.54508209228516,88.78092193603516,187789.296875,1.9246615171432493
155,Mish,0.9028105833931758,0,2,3,2,1,0,off,0.0005391316435367,191,90.27021026611328,-3.4178307056427,-0.6372883319854736,147,3761.650070905685,6356.809417963028,1688608822.9724867,1688611418.1194878,90.27021026611328,97.4142608642578,0.6372883319854736,69.44171905517578,91.73541259765624,259502.390625,3.4178307056427
156,Mish,0.9514381465120946,4,1,4,0,4,0,on,0.0006202844928321,113,68.79460906982422,-2.4925971031188965,-0.080137051641941,148,3784.334134101868,5065.171585559845,1688608845.6565504,1688610126.4935582,68.79460906982422,51.22206497192383,0.080137051641941,9.627755165100098,69.54678344726562,128071.359375,2.4925971031188965
157,ReLU,0.2450531908642662,3,3,4,0,4,2,off,0.0004718429118491,166,90.04603576660156,-1.9501007795333865,-0.4028741717338562,149,3820.0396332740784,5800.776926279068,1688608881.362049,1688610862.0989125,90.04603576660156,98.04877471923828,0.4028741717338562,50.88783264160156,90.02999877929688,198061.421875,1.9501007795333865
158,Hardswish,0.0957070862055033,0,2,3,0,4,2,on,0.0003481154353772,107,92.64861297607422,-1.7793381214141846,-0.6293672919273376,150,3846.57718205452,5063.99374628067,1688608907.899598,1688610125.3156946,92.64861297607422,94.1025848388672,0.6293672919273376,72.75865173339844,92.55770111083984,121729.328125,1.7793381214141846
159,Hardswish,0.4840710339419699,4,4,3,0,0,4,off,0.0005068068120435,130,73.59227752685547,-2.307606935501098,-0.0977505072951316,151,3917.308700799942,5460.316142082214,1688608978.6311142,1688610521.6382232,73.59227752685547,89.76387023925781,0.0977505072951316,12.665721893310549,74.24266815185547,154282.390625,2.307606935501098
160,ReLU,0.6995234131216486,2,2,3,2,2,4,on,0.0005538039974768,82,25.59422492980957,-2.082602977752685,-0.8475810885429382,152,3941.730017900467,5129.878723144531,1688609003.0524356,1688610191.200786,25.59422492980957,77.58475494384766,0.8475810885429382,104.87832641601562,58.10832595825195,118794.7421875,2.082602977752685
161,Hardswish,0.141548138045072,4,2,3,0,2,2,on,0.000563827445007,143,90.49900817871094,-2.13508939743042,-0.8622438907623291,153,3975.356385231018,5694.486704111099,1688609036.6787994,1688610755.808776,90.49900817871094,93.61135864257812,0.8622438907623291,108.6020050048828,83.47944641113281,171900.703125,2.13508939743042
162,Mish,0.1556682264167511,4,3,2,2,4,2,off,0.0003709730852355,50,88.45846557617188,-4.5764241218566895,-0.7337117791175842,155,3991.2793011665344,4891.58705163002,1688609052.6017144,1688609952.9091256,88.45846557617188,92.6498031616211,0.7337117791175842,97.93467712402344,83.14742279052734,90017.84375,4.5764241218566895
163,ReLU,0.1861762962393927,2,4,1,0,1,4,off,9.03854244507868e-05,179,91.08600616455078,-2.0234317779541016,-0.4246294796466827,157,4151.391308307648,5912.22944021225,1688609212.7137246,1688610973.5512722,91.08600616455078,99.17442321777344,0.4246294796466827,43.26324462890625,93.79761505126952,176070.734375,2.0234317779541016
164,Hardswish,0.7985326893440486,3,3,0,3,0,1,off,0.0004879102500664,193,93.55963897705078,-1.546325922012329,-0.118206538259983,158,4213.90546298027,5940.019818782806,1688609275.227881,1688611001.3418677,93.55963897705078,95.51736450195312,0.118206538259983,18.7229118347168,86.64212036132812,172592.953125,1.546325922012329
165,Mish,0.514607158044562,2,3,2,0,3,0,off,0.0001412553450253,56,87.60498809814453,-2.655651569366455,-0.7188239693641663,163,4293.827758550644,4998.029784917831,1688609355.150172,1688610059.3518329,87.60498809814453,93.93730926513672,0.7188239693641663,85.96078491210938,76.81157684326172,70412.2109375,2.655651569366455
166,Hardswish,0.2742190487776179,2,4,1,2,2,3,on,0.0003454661856037,87,91.7044906616211,-1.99489426612854,-0.8271969556808472,164,4294.142108201981,5188.23508310318,1688609355.4645226,1688610249.557135,91.7044906616211,94.2781219482422,0.8271969556808472,101.59664154052734,90.63196563720705,89396.9765625,1.99489426612854
167,Hardswish,0.1889887305626318,0,2,4,2,1,2,off,0.0008870025456772,141,90.15494537353516,-2.4352502822875977,-0.6717241406440735,166,4327.722780942917,5783.104176282883,1688609389.0451968,1688610844.4260595,90.15494537353516,93.86892700195312,0.6717241406440735,86.2710189819336,92.02552032470705,145525.703125,2.4352502822875977
168,Hardswish,0.7331378987876183,0,3,3,3,0,3,off,0.0002117065699876,164,91.46318817138672,-1.3154826164245603,-0.1410696804523468,167,4338.530406236649,6326.173743009567,1688609399.8528204,1688611387.4849465,91.46318817138672,96.974609375,0.1410696804523468,20.201505661010746,88.950439453125,198744.734375,1.3154826164245603
169,Hardswish,0.9705390552870544,4,1,3,4,0,0,off,0.000584377725283,168,84.97603607177734,-1.708183526992798,-0.1493203490972519,169,4383.465216159821,6175.460925579071,1688609444.7876313,1688611236.782979,84.97603607177734,93.75212097167967,0.1493203490972519,11.738304138183594,85.49542236328125,179187.25,1.708183526992798
170,ReLU,0.0480452065906564,4,1,1,4,1,0,on,0.000247135169886,194,91.26678466796876,-1.522848129272461,-0.0558712780475616,170,4389.104494094849,6036.020737171173,1688609450.42691,1688611097.3427591,91.26678466796876,93.93706512451172,0.0558712780475616,11.006597518920898,93.46115112304688,164679.265625,1.522848129272461
171,ReLU,0.3357587365438642,0,3,0,0,3,3,on,0.0007246936862923,87,55.51461410522461,-1.1489360332489014,-0.1544568836688995,171,4400.113419532776,4979.022039413452,1688609461.4358358,1688610040.3440876,55.51461410522461,86.06505584716797,0.1544568836688995,17.506919860839844,79.24676513671875,57878.48046875,1.1489360332489014
172,Hardswish,0.5920192796986262,0,3,0,4,4,3,off,0.0006759762789588,71,73.6809310913086,-1.693481683731079,-0.1054457649588584,172,4431.893902540207,5088.209724664688,1688609493.216319,1688610149.5318608,73.6809310913086,79.51972961425781,0.1054457649588584,14.114710807800291,79.27515411376953,65619.234375,1.693481683731079
173,Hardswish,0.5839450650668642,4,1,4,1,4,3,off,0.0009843950930627,82,22.068981170654297,-2.295606851577759,-0.0905741080641746,174,4610.453022003174,5553.50096821785,1688609671.7754338,1688610614.8230455,22.068981170654297,44.66947555541992,0.0905741080641746,10.60191249847412,62.3512077331543,94292.5625,2.295606851577759
174,ReLU,0.429614238271358,4,0,3,1,2,0,off,0.0006301866668057,69,65.81462097167969,-2.022207021713257,-0.3605155944824219,176,4626.144760847092,5303.765176296234,1688609687.4671812,1688610365.087214,65.81462097167969,69.62640380859375,0.3605155944824219,57.32804489135742,42.06917190551758,67741.1484375,2.022207021713257
175,ReLU,0.0617425389696465,0,1,2,0,1,2,on,0.0001690239834022,132,94.13603973388672,-1.2220728397369385,-0.5728784799575806,178,4804.342279911041,5785.77116727829,1688609865.6646938,1688610847.0932338,94.13603973388672,95.67848205566406,0.5728784799575806,69.66462707519531,93.82589721679688,98130.578125,1.2220728397369385
176,ReLU,0.8230122409066386,2,2,2,4,1,2,on,0.0003762506115753,76,69.97479248046875,-1.7592060565948486,-0.8723230957984924,179,4823.071975946426,5620.500221729279,1688609884.3943875,1688610681.8222945,69.97479248046875,87.15225982666016,0.8723230957984924,103.822998046875,79.56958770751953,79730.4921875,1.7592060565948486
177,ReLU,0.3749025743353863,0,1,4,2,2,0,off,0.0002768686106969,74,88.53804016113281,-1.4048343896865845,-0.5714929699897766,180,4831.06641626358,5603.092171430588,1688609892.388831,1688610664.41423,88.53804016113281,86.88983154296875,0.5714929699897766,69.1683120727539,69.76217651367188,77190.2421875,1.4048343896865845
178,Mish,0.7915635135315487,1,1,1,0,4,0,off,0.0007111024366932,128,68.27557373046875,-1.508339524269104,-0.0786027014255523,181,4855.60435128212,6304.112403869629,1688609916.926768,1688611365.42288,68.27557373046875,52.6951789855957,0.0786027014255523,7.927361965179443,72.23944854736328,144837.265625,1.508339524269104
179,ReLU,0.6896376228419903,2,2,4,4,3,0,off,0.0007537845027368,101,29.104389190673828,-2.965330123901367,-0.6177922487258911,182,4891.6367263793945,5959.404739379883,1688609952.9591384,1688611020.726812,29.104389190673828,75.18851470947266,0.6177922487258911,79.17732238769531,83.81311798095703,106764.578125,2.965330123901367
180,Hardswish,0.2928711181542859,0,3,4,1,2,4,off,0.0005767883370875,105,82.21630859375,-1.9086730480194087,-0.0795812532305717,185,4927.60342001915,6240.94149518013,1688609988.9258363,1688611302.263554,82.21630859375,89.65336608886719,0.0795812532305717,37.26909637451172,82.97737121582031,131321.53125,1.9086730480194087
181,Hardswish,0.995685702759692,2,1,1,2,1,3,on,0.0008081542368326,133,71.70697021484375,-1.5789406299591064,-0.6477776765823364,186,4975.280558824539,6089.630951881409,1688610036.6029742,1688611150.953005,71.70697021484375,88.83660888671875,0.6477776765823364,77.1054916381836,74.42444610595703,111422.6640625,1.5789406299591064
182,Mish,0.6686259274648031,4,3,0,4,0,0,on,0.0009631774822985,139,56.20214080810547,-3.539780855178833,-0.1158544421195984,187,4979.071840763092,6302.327435731888,1688610040.394256,1688611363.6376,56.20214080810547,42.62911987304688,0.1158544421195984,13.857065200805664,72.45122528076172,132312.015625,3.539780855178833
183,Hardswish,0.4269017782887837,2,0,2,0,1,0,off,7.68874923673814e-05,117,91.97911834716795,-1.6157211065292358,-0.7272059321403503,188,4998.080373764038,5755.508747816086,1688610059.402796,1688610816.8308177,91.97911834716795,97.58900451660156,0.7272059321403503,75.65594482421875,92.23820495605467,75730.5390625,1.6157211065292358
184,Hardswish,0.6116993749739271,2,2,0,2,4,4,on,0.0006506367315129,56,41.03727722167969,-2.21886944770813,-0.6932668685913086,189,5064.045310735703,5860.788326501846,1688610125.3677266,1688610922.1103275,41.03727722167969,79.0079574584961,0.6932668685913086,90.54064178466795,45.05032730102539,79661.9609375,2.21886944770813
185,Hardswish,0.0780941427437136,2,2,1,1,0,2,off,0.0007343574818653,106,93.16448211669922,-1.4552080631256104,-0.6470735669136047,190,5065.222229719162,6044.751069307327,1688610126.5446472,1688611106.073104,93.16448211669922,95.33302307128906,0.6470735669136047,89.2181396484375,91.99295043945312,97940.4921875,1.4552080631256104
186,ReLU,0.5042474865859761,1,4,3,2,1,3,off,0.0003648347197354,88,82.79354095458984,-2.0334832668304443,-0.3864571452140808,191,5070.457850933075,6003.128949403763,1688610131.7802696,1688611064.4510665,82.79354095458984,90.45983123779295,0.3864571452140808,52.17693328857422,74.27384185791016,93254.8515625,2.0334832668304443
187,ReLU,0.9874709672536948,1,4,1,3,1,4,off,0.0004788111054653,73,31.170578002929688,-2.1055471897125244,-0.1217562854290008,193,5104.151634454727,5797.871043920517,1688610165.4740512,1688610859.1930947,31.170578002929688,44.56315231323242,0.1217562854290008,12.7601318359375,38.44033432006836,69359.609375,2.1055471897125244
188,Hardswish,0.7002830193701188,2,2,3,4,0,0,on,0.0001184230932043,103,89.16531372070312,-1.5389400720596311,-0.5351473689079285,194,5130.182991743088,6053.951749324799,1688610191.5054128,1688611115.273803,89.16531372070312,90.17028045654295,0.5351473689079285,75.89053344726562,91.37215423583984,92364.765625,1.5389400720596311
189,Hardswish,0.7184417387702822,0,3,3,1,4,2,off,7.038095935617249e-05,34,83.48139953613281,-1.984602689743042,-0.4140221774578094,196,5294.202105283737,5669.0286366939545,1688610355.5245202,1688610730.3506773,83.48139953613281,89.99251556396484,0.4140221774578094,46.91374206542969,84.79095458984375,37470.5390625,1.984602689743042
190,Hardswish,0.2064829291450867,2,0,0,1,3,0,off,0.0007393591249821,46,76.48676300048828,-1.321447730064392,-0.3412645161151886,197,5304.086524486542,5689.510802268982,1688610365.408946,1688610750.8328724,76.48676300048828,89.10908508300781,0.3412645161151886,44.525917053222656,73.57737731933594,38530.16796875,1.321447730064392
191,Hardswish,0.6562545007282163,2,3,1,4,0,4,off,0.0009898144772482,41,61.19258117675781,-2.074352741241455,-0.3895323276519775,198,5343.298924922943,5773.323286533356,1688610404.6213448,1688610834.6453626,61.19258117675781,59.09185409545898,0.3895323276519775,46.26749801635742,55.32178115844727,42990.02734375,2.074352741241455
192,ReLU,0.7150440413141778,4,0,3,0,0,1,off,0.0006978450477387,38,46.86086654663086,-0.9826977849006652,-0.1107079684734344,203,5603.264443874359,5858.063831329346,1688610664.5868664,1688610919.38589,46.86086654663086,54.56427001953125,0.1107079684734344,12.722081184387209,51.14907455444336,25468.626953125,0.9826977849006652
193,Hardswish,0.9069631690566484,2,3,2,4,3,3,on,0.0009008731008883,21,41.89096832275391,-1.843084096908569,-0.7801109552383423,207,5689.560227394104,5975.139324188232,1688610750.8826482,1688611036.4613416,41.89096832275391,72.24136352539062,0.7801109552383423,90.59696197509766,41.08172607421875,28552.84765625,1.843084096908569
194,ReLU,0.2221930276863426,2,4,2,4,1,2,off,0.0002981576186827,21,76.42517852783203,-2.022557020187378,-0.7715306878089905,214,5800.830061674118,6038.375814914703,1688610862.1524758,1688611099.6978762,76.42517852783203,90.30162048339844,0.7715306878089905,98.98184204101562,76.90797424316406,23742.23828125,2.022557020187378
195,Hardswish,0.7193980036375612,1,0,2,0,1,3,off,0.0005421873926898,10,48.75091552734375,-1.0032763481140137,-0.2939492166042328,215,5846.619753360748,5915.905338764191,1688610907.9421706,1688610977.227396,48.75091552734375,72.54244995117188,0.2939492166042328,45.64516830444336,47.02831268310547,6919.26416015625,1.0032763481140137
196,Mish,0.3174800783314492,3,3,0,0,3,1,off,0.0004837954072114,15,82.64969635009766,-2.0305233001708984,-0.1323628425598144,228,6089.68217921257,6292.772417783737,1688611151.0045948,1688611354.082346,82.64969635009766,83.82378387451172,0.1323628425598144,17.500852584838867,73.49655151367188,20295.48046875,2.0305233001708984
197,Mish,0.6174580425150009,2,2,2,3,3,1,off,0.0009658459523732,193,86.6063003540039,-3.202146291732788,-0.8574966192245483,83,1640.4392931461334,5070.401212692261,1688606701.7617128,1688610131.7231903,86.6063003540039,81.60489654541016,0.8574966192245483,119.35492706298828,83.94901275634766,342983.875,3.202146291732788
198,ReLU,0.3116010595162028,2,1,4,2,4,3,on,0.0003337911961914,134,92.18262481689452,-1.9266514778137207,-0.6520775556564331,237,6407.5168697834015,8174.889582157135,1688611468.83929,1688613236.2113118,92.18262481689452,92.12837982177734,0.6520775556564331,82.6835708618164,92.17301940917967,176722.03125,1.9266514778137207
199,Mish,0.5550551396561769,0,1,3,0,3,3,on,0.0009915008192687,125,69.63699340820312,-2.7539925575256348,-0.1296368390321731,173,4536.188908576965,6434.972221136093,1688609597.51132,1688611496.2942004,69.63699340820312,79.4468765258789,0.1296368390321731,16.574844360351562,68.5522689819336,189874.90625,2.7539925575256348
200,Mish,0.3886749532854147,2,1,3,2,4,4,off,0.0004744711607276,130,86.9988021850586,-2.405468463897705,-0.6201070547103882,175,4625.952068567276,6629.748726606369,1688609687.27448,1688611691.070738,86.9988021850586,92.62750244140624,0.6201070547103882,80.10906219482422,90.42013549804688,200367.28125,2.405468463897705
201,Mish,0.4120743584506154,0,2,3,2,2,0,on,0.0006869161331277,124,82.49857330322266,-3.474533796310425,-0.8002272844314575,183,4891.860986709595,7487.404136657715,1688609953.183406,1688612548.7261422,82.49857330322266,82.95860290527344,0.8002272844314575,104.76823425292967,91.15357971191406,259535.421875,3.474533796310425
202,Mish,0.2313747003449543,2,1,4,2,1,3,off,0.0008369733322318,107,85.2806625366211,-2.1204001903533936,-0.5420987606048584,184,4926.022517204285,6532.266908168793,1688609987.344933,1688611593.5889142,85.2806625366211,93.95111083984376,0.5420987606048584,79.11786651611328,83.52962493896484,160613.4375,2.1204001903533936
203,Hardswish,0.138675301415492,2,4,1,0,1,3,off,1.849704359599005e-05,172,93.68170928955078,-1.61632239818573,-0.3877218663692474,192,5088.259752035141,6511.500535011292,1688610149.582168,1688611572.80978,93.68170928955078,97.94286346435548,0.3877218663692474,48.54513549804688,94.14789581298828,142310.484375,1.61632239818573
204,Mish,0.7541740568636492,1,4,0,2,4,0,on,0.0001813074560328,180,93.54212951660156,-2.3450727462768555,-0.3788543939590454,195,5188.28498506546,7379.940775871277,1688610249.6074004,1688612441.2627635,93.54212951660156,88.9552993774414,0.3788543939590454,49.50993347167969,92.51848602294922,219153.25,2.3450727462768555
205,ReLU,0.1392355668648192,1,3,4,2,2,2,off,0.0007739618696786,124,91.61942291259766,-2.2097280025482178,-0.5986729860305786,199,5358.768884420395,6952.218887329102,1688610420.091298,1688612013.540905,91.61942291259766,94.83218383789062,0.5986729860305786,85.57342529296875,90.14025115966795,159332.703125,2.2097280025482178
206,ReLU,0.0821717526361633,3,2,3,4,3,3,off,0.0008472115867314,178,94.9178695678711,-1.6280498504638672,-0.4145101010799408,200,5373.730435371399,7389.504728794098,1688610435.0528517,1688612450.8265812,94.9178695678711,99.29694366455078,0.4145101010799408,57.79584503173828,93.78675842285156,201565.015625,1.6280498504638672
207,Mish,0.6591912006324463,2,2,4,0,4,4,off,0.0002380474214919,121,90.5304946899414,-3.4272208213806152,-0.5629898905754089,201,5460.485780715942,7151.426557302475,1688610521.808195,1688612212.7484114,90.5304946899414,95.5745849609375,0.5629898905754089,74.15718078613281,81.1253890991211,169081.703125,3.4272208213806152
208,Hardswish,0.4611745866853267,4,2,2,3,2,1,off,0.0007081181335578,106,76.26097869873047,-1.8405702114105225,-0.8292751312255859,202,5553.5509333610535,6898.09951376915,1688610614.873346,1688611959.4213705,76.26097869873047,86.72237396240234,0.8292751312255859,109.3532943725586,76.55477142333984,134442.59375,1.8405702114105225
209,ReLU,0.7309932594113787,4,4,0,4,4,1,off,0.0004861892141143,105,84.46847534179688,-2.2429604530334477,-0.0992624908685684,204,5620.550156831741,6878.267357587814,1688610681.872568,1688611939.5893655,84.46847534179688,88.20404815673828,0.0992624908685684,10.29992961883545,69.42313385009766,125759.3984375,2.2429604530334477
210,ReLU,0.1338657559693181,0,0,3,3,2,0,on,0.0009853704985465,174,93.71961975097656,-1.4820047616958618,-0.3169479370117187,205,5635.5742111206055,7141.6593997478485,1688610696.8966262,1688612202.981367,93.71961975097656,94.58989715576172,0.3169479370117187,49.97994995117188,93.1386489868164,150596.234375,1.4820047616958618
211,ReLU,0.1787207563926621,4,0,1,4,4,2,off,8.303266236529515e-05,126,90.14812469482422,-2.3117237091064453,-0.3490189015865326,206,5669.203784227371,7339.553056001663,1688610730.5262034,1688612400.875056,90.14812469482422,95.02855682373048,0.3490189015865326,49.74840545654297,88.07435607910156,167022.484375,2.3117237091064453
212,Mish,0.81298548808601,4,3,3,1,2,3,off,0.0003746188093237,45,50.91803359985352,-2.996075391769409,-0.379154235124588,208,5694.662584066391,6481.005620956421,1688610755.9850037,1688611542.3159928,50.91803359985352,89.0873794555664,0.379154235124588,43.0069694519043,47.09929275512695,78620.828125,2.996075391769409
213,Mish,0.0282835941955297,4,4,0,3,1,1,off,0.0007732481600674,58,84.76705932617188,-1.9937481880187988,-0.1226991117000579,209,5755.558940887451,6534.796870946884,1688610816.88136,1688611596.0610409,84.76705932617188,92.1147918701172,0.1226991117000579,13.810491561889648,86.501708984375,77904.265625,1.9937481880187988
214,Mish,0.669673991228568,1,2,3,0,4,4,on,0.0002811823541692,91,80.32923889160156,-2.739781141281128,-0.4353136122226715,210,5773.371608018875,7049.278025627136,1688610834.6940317,1688612110.6000254,80.32923889160156,88.54036712646484,0.4353136122226715,54.5404167175293,89.05147552490234,127578.2890625,2.739781141281128
215,ReLU,0.3113463070694544,4,0,1,1,1,3,on,0.0003545837946826,113,88.77445983886719,-1.4394054412841797,-0.094407856464386,211,5783.154325962067,6759.352421760559,1688610844.476739,1688611820.674438,88.77445983886719,88.85429382324219,0.094407856464386,9.748228073120115,63.636192321777344,97607.4765625,1.4394054412841797
216,Mish,0.6534618629256266,2,3,4,4,2,2,on,0.0002397748519733,109,87.14759826660156,-3.818657398223877,-0.9184972047805786,212,5785.821675539017,7834.497383117676,1688610847.144089,1688612895.772678,87.14759826660156,92.50846862792967,0.9184972047805786,107.37489318847656,83.48505401611328,204849.140625,3.818657398223877
217,Mish,0.8800183839591394,3,4,3,4,1,4,on,0.0003348568021646,94,75.01136779785156,-3.062211751937866,-0.1132410988211631,213,5797.921840667725,7523.207179069519,1688610859.244257,1688612584.5291724,75.01136779785156,87.32789611816406,0.1132410988211631,14.989350318908691,77.1260986328125,172516.171875,3.062211751937866
218,ReLU,0.2985192494464944,2,4,2,1,0,3,on,0.0001619409274854,128,91.32742309570312,-1.9552587270736697,-0.613789439201355,216,5858.113388776779,7183.85137796402,1688610919.435803,1688612245.1733873,91.32742309570312,93.37937927246094,0.613789439201355,84.21556854248047,90.74361419677734,132561.53125,1.9552587270736697
219,ReLU,0.9886609966322004,3,0,1,4,4,3,off,0.0009341543807612,187,45.123477935791016,-2.7916839122772217,-0.1388325691223144,218,5912.403742074966,7839.13977766037,1688610973.726163,1688612900.459108,45.123477935791016,74.35240173339844,0.1388325691223144,12.176429748535156,72.60735321044922,192660.9375,2.7916839122772217
220,Mish,0.3838211457415613,0,4,4,4,1,4,off,0.0004187764613154,140,87.22987365722656,-2.909489631652832,-0.0919472277164459,219,5915.954223155975,7689.591096162796,1688610977.276639,1688612750.9130852,87.22987365722656,93.29903411865234,0.0919472277164459,10.89887237548828,84.1647720336914,177351.359375,2.909489631652832
221,ReLU,0.9607027217156932,0,1,2,3,1,1,on,0.0002195339885222,125,76.31372833251953,-1.1743004322052002,-0.3613446652889252,220,5940.072671175003,6758.895523071289,1688611001.3950863,1688611820.2058704,76.31372833251953,70.25711059570312,0.3613446652889252,48.5107650756836,75.16796875,81878.484375,1.1743004322052002
222,Mish,0.0310681275469001,0,0,3,1,3,4,on,0.000290980641723,97,86.96083068847656,-2.6503427028656006,-0.1087427213788032,221,5959.454953193665,7310.345422506332,1688611020.7773654,1688612371.6674454,86.96083068847656,92.32843780517578,0.1087427213788032,14.29703140258789,87.11378479003906,135076.828125,2.6503427028656006
223,Hardswish,0.987718173652834,4,2,0,1,1,2,off,0.000958061628954,142,75.92182922363281,-2.055571317672729,-0.5688930153846741,222,5975.188203573227,7349.777883529663,1688611036.5106254,1688612411.0999012,75.92182922363281,84.80302429199219,0.5688930153846741,63.2287712097168,73.45726013183594,137446.75,2.055571317672729
224,Hardswish,0.3142468855559658,4,0,0,0,2,4,on,0.0008294279102548,178,88.4404525756836,-2.096222162246704,-0.1955507695674896,223,6003.301700353622,7877.393784999847,1688611064.624123,1688612938.659122,88.4404525756836,81.19827270507812,0.1955507695674896,44.05072784423828,91.98799896240234,187389.640625,2.096222162246704
225,ReLU,0.2120992240828367,1,4,1,3,2,1,on,0.0002434898001804,94,20.53068351745605,-1.8224360942840576,-0.3351810276508331,224,6036.074786663055,6885.274547815323,1688611097.397202,1688611946.596547,20.53068351745605,18.120201110839844,0.3351810276508331,51.179832458496094,44.0405502319336,84907.6484375,1.8224360942840576
226,Mish,0.4475357015653045,3,1,3,4,0,1,on,0.00098073067062,58,30.13685607910156,-2.855022430419922,-0.1256722956895828,225,6038.545665025711,6979.366817474365,1688611099.8680837,1688612040.688818,30.13685607910156,42.57950973510742,0.1256722956895828,16.33616828918457,25.78877258300781,94069.78125,2.855022430419922
227,Mish,0.7843289949243997,4,3,4,1,0,2,off,0.0006074846808689,139,48.7470932006836,-3.339456081390381,-0.3477927148342132,226,6044.80083489418,8093.561275005341,1688611106.1232514,1688613154.8290973,48.7470932006836,91.20152282714844,0.3477927148342132,44.40498352050781,82.81119537353516,204856.671875,3.339456081390381
228,ReLU,0.9247184868365672,3,1,1,4,0,1,on,0.0004513047199901,83,41.70096969604492,-2.1039068698883057,-0.1176184639334678,227,6054.004414558411,6760.259190559387,1688611115.3268297,1688611821.5811942,41.70096969604492,84.75975036621094,0.1176184639334678,12.418496131896973,68.37533569335938,70613.1640625,2.1039068698883057
229,ReLU,0.7220766361558246,3,0,2,3,4,2,on,0.000305103372079,129,91.37181091308594,-2.0486114025115967,-0.6323058605194092,229,6175.512235879898,7669.061353206635,1688611236.8346517,1688612730.383354,91.37181091308594,88.52393341064453,0.6323058605194092,78.83574676513672,87.4316635131836,149342.578125,2.0486114025115967
230,ReLU,0.7097597188665741,2,1,1,3,0,4,on,0.0008605719882211,140,15.922635078430176,-1.7177220582962036,-0.3769339025020599,230,6200.197608232498,7523.573259830475,1688611261.5200229,1688612584.8952649,15.922635078430176,25.95995140075684,0.3769339025020599,44.71845245361328,37.470733642578125,132325.15625,1.7177220582962036
231,Hardswish,0.9533208070759762,3,4,1,0,3,1,off,0.0007462927319746,97,49.65681457519531,-1.5777353048324585,-0.1126526370644569,231,6240.992681026459,7066.589804887772,1688611302.3150964,1688612127.9118054,49.65681457519531,79.25162506103516,0.1126526370644569,13.3457670211792,58.857330322265625,82547.4375,1.5777353048324585
232,Mish,0.7725217500810723,2,3,2,3,4,1,off,0.0006474248298912,71,51.0170783996582,-2.9656941890716557,-0.7465834021568298,232,6292.937524795532,7257.584453344345,1688611354.2599432,1688612318.9065127,51.0170783996582,82.2435073852539,0.7465834021568298,90.8789291381836,68.68534851074219,96448.875,2.9656941890716557
233,ReLU,0.1292483941617251,3,1,4,0,2,3,off,0.0008128495300394,130,85.91181945800781,-1.6830428838729858,-0.3735027611255646,233,6302.512031555176,7681.385077953339,1688611363.83445,1688612742.7071204,85.91181945800781,96.23159790039062,0.3735027611255646,52.59735870361328,88.15760040283203,137871.859375,1.6830428838729858
234,ReLU,0.0398095527323848,3,0,1,1,3,1,on,0.0004065773452409,170,93.36073303222656,-0.9158049821853638,-0.139087289571762,234,6304.306660890579,7501.573420286179,1688611365.6290767,1688612562.8954906,93.36073303222656,80.90222930908203,0.139087289571762,14.417268753051758,80.97209167480469,119711.2734375,0.9158049821853638
235,Hardswish,0.3000866811302736,1,1,2,2,4,0,off,0.0004480928696243,130,87.95716857910156,-1.487378478050232,-0.6808932423591614,235,6326.547081708908,7606.090749740601,1688611387.869497,1688612667.4128225,87.95716857910156,94.15388488769533,0.6808932423591614,70.84556579589844,84.50455474853516,127940.625,1.487378478050232
236,Hardswish,0.2924567713958408,0,0,0,4,3,2,on,0.0006621300902547,63,71.43341064453125,-1.4976388216018677,-0.3456813991069793,236,6356.942757129669,7018.300116062164,1688611418.2651749,1688612079.622163,71.43341064453125,88.03135681152344,0.3456813991069793,47.48113250732422,75.58977508544922,66121.1015625,1.4976388216018677
237,Hardswish,0.6874347498574368,3,1,4,0,4,1,on,0.0003468750421985,151,60.22246551513672,-2.579282760620117,-0.106290727853775,239,6481.193287849426,7972.509697675705,1688611542.5157042,1688613033.831534,60.22246551513672,91.16594696044922,0.106290727853775,11.97628116607666,88.71094512939453,149116.03125,2.579282760620117
238,Hardswish,0.2776294777752693,1,3,2,2,2,0,off,0.0009963038473317,68,28.33661651611328,-1.4375321865081787,-0.7447232604026794,240,6511.635809421539,7176.021558046341,1688611572.958228,1688612237.3436153,28.33661651611328,73.34695434570312,0.7447232604026794,96.56177520751952,36.86645126342773,66424.6875,1.4375321865081787
239,Hardswish,0.9113606834309196,3,1,2,1,3,4,on,0.0002860610550102,123,79.80017852783203,-1.5611451864242554,-0.2908475399017334,241,6532.3198318481445,7694.466809749603,1688611593.6422477,1688612755.7888758,79.80017852783203,91.30025482177734,0.2908475399017334,47.12493133544922,81.15420532226562,116202.375,1.5611451864242554
240,ReLU,0.6093481058766576,0,0,4,1,2,1,off,5.085541255891906e-05,14,86.49394226074219,-1.38563334941864,-0.2908616065979004,242,6534.992817878723,6665.2540147304535,1688611596.3152328,1688611726.576085,86.49394226074219,75.73931884765625,0.2908616065979004,42.15813064575195,73.95841217041016,13006.17578125,1.38563334941864
241,Hardswish,0.2165982093140724,1,4,2,4,4,3,off,0.0007860412110314,99,75.65321350097656,-1.918856739997864,-0.3129895627498626,243,6629.921769618988,7853.40851855278,1688611691.244184,1688612914.730368,75.65321350097656,92.30555725097656,0.3129895627498626,51.66923141479492,70.43140411376953,122336.265625,1.918856739997864
242,Hardswish,0.7331592024210075,4,0,3,0,0,4,off,7.677064796263292e-05,28,35.89845657348633,-1.4273200035095217,-0.0955525338649749,244,6665.304275751114,6901.091753482819,1688611726.6266973,1688611962.4138265,35.89845657348633,83.19973754882812,0.0955525338649749,11.646698951721191,65.68462371826172,23566.466796875,1.4273200035095217
243,Hardswish,0.9493528303701876,3,0,0,3,2,1,off,2.9247725347137537e-05,66,53.06543731689453,-1.6408615112304688,-0.1721448302268982,245,6759.040510177612,7298.53982758522,1688611820.362927,1688612359.8618689,53.06543731689453,95.1007308959961,0.1721448302268982,50.52291488647461,91.61331176757812,53944.87109375,1.6408615112304688
244,Mish,0.4064141135203024,2,2,3,1,3,2,off,0.0001984421640966,8,80.49256896972656,-2.1504266262054443,-0.7894190549850464,248,6878.319163560867,7001.516173839569,1688611939.6415749,1688612062.8382423,80.49256896972656,90.06123352050781,0.7894190549850464,90.38719940185548,75.24634552001953,12307.361328125,2.1504266262054443
245,Hardswish,0.7285128459066029,0,0,4,2,0,0,off,0.0001262526604015,21,35.68944549560547,-1.4506977796554563,-0.3075009286403656,250,6898.301892518997,7095.757195711136,1688611959.6243074,1688612157.0792725,35.68944549560547,84.72137451171875,0.3075009286403656,42.26243591308594,41.876426696777344,19733.232421875,1.4506977796554563
246,Hardswish,0.5463922271009483,3,0,1,2,4,1,on,0.000219425044872,129,89.74603271484375,-1.9887014627456665,-0.3503774404525757,251,6901.141791820526,8068.853731393814,1688611962.464213,1688613130.1756208,89.74603271484375,90.19973754882812,0.3503774404525757,41.79509353637695,85.85869598388672,116758.875,1.9887014627456665
247,Mish,0.1695501837502189,1,1,2,4,2,1,on,0.0008924882599718,20,74.07020568847656,-2.487875461578369,-0.703253448009491,252,6952.270093202591,7258.802699565887,1688612013.5925057,1688612320.124778,74.07020568847656,86.55183410644531,0.703253448009491,96.50753021240234,78.85323333740234,30641.0,2.487875461578369
248,Mish,0.9467373379620362,1,0,2,2,1,4,off,0.0003699067523103,46,64.97269439697266,-2.557133436203003,-0.5279191732406616,253,6979.418192863464,7584.401451587677,1688612040.7406087,1688612645.7235124,64.97269439697266,88.8197021484375,0.5279191732406616,76.84149932861328,40.23981475830078,60486.01171875,2.557133436203003
249,Hardswish,0.7013907484169768,3,2,3,1,2,2,off,0.0001745285016626,40,66.70271301269531,-1.7684822082519531,-0.7079827189445496,255,7018.350204229355,7493.519938468933,1688612079.6726198,1688612554.842001,66.70271301269531,91.72171783447266,0.7079827189445496,114.23638153076172,86.7901611328125,47504.65625,1.7684822082519531
250,Hardswish,0.115621526909604,2,3,0,2,1,0,on,0.0007573196591053,38,87.78087615966797,-1.8933480978012085,-0.5776575803756714,258,7095.807104349136,7454.377960205078,1688612157.1295176,1688612515.7000344,87.78087615966797,89.70552825927734,0.5776575803756714,74.64488220214844,89.80726623535156,35844.8671875,1.8933480978012085
251,ReLU,0.5025553131191669,2,1,2,3,1,2,off,0.000785863651496,104,69.55803680419922,-1.3688911199569702,-0.8217279314994812,259,7141.884553670883,8096.729206085205,1688612203.206975,1688613158.051057,69.55803680419922,85.09850311279297,0.8217279314994812,109.1243667602539,83.40988159179688,95472.1328125,1.3688911199569702
252,ReLU,0.3663599256269012,1,4,0,1,0,3,on,0.0008864315478396,28,55.31007385253906,-1.2793269157409668,-0.1157202869653701,261,7176.0709664821625,7401.42582988739,1688612237.3933806,1688612462.747837,55.31007385253906,67.1252212524414,0.1157202869653701,10.441563606262209,49.19325256347656,22523.234375,1.2793269157409668
253,ReLU,0.3586792373967842,3,2,0,3,0,3,off,0.0009356193095214,73,59.07109069824219,-1.506932258605957,-0.3541441559791565,262,7183.902873039246,7829.439934015274,1688612245.2252884,1688612890.7084668,59.07109069824219,68.42802429199219,0.3541441559791565,59.132205963134766,64.10923767089844,64534.484375,1.506932258605957
254,ReLU,0.5878163695752295,0,3,1,0,4,1,off,0.0001098025932859,71,79.65336608886719,-1.4411075115203855,-0.0960462838411331,270,7389.677163124084,7973.420995473862,1688612450.9995832,1688613034.7428942,79.65336608886719,86.78672790527344,0.0960462838411331,11.369726181030272,85.43250274658203,58361.875,1.4411075115203855
255,ReLU,0.0016484330027861,1,3,3,1,3,2,on,0.0009830094809462,78,91.15827178955078,-1.3435676097869873,-0.4548724591732025,273,7487.577991247177,8148.156440019608,1688612548.900411,1688613209.4783127,91.15827178955078,92.13064575195312,0.4548724591732025,54.31167984008789,87.69317626953125,66045.46875,1.3435676097869873
256,ReLU,0.9778449040146614,1,1,1,2,0,4,off,0.0009128677515528,29,11.287428855895996,-1.3369522094726562,-0.3080565631389618,283,7694.637091159821,7910.368186473846,1688612755.959509,1688612971.6375866,11.287428855895996,21.65335273742676,0.3080565631389618,43.02643585205078,24.603759765625,21553.82421875,1.3369522094726562
257,Mish,0.5987105059103529,0,4,4,3,1,0,on,0.0002072302968595,23,77.8635482788086,-1.888666033744812,-0.0198836103081703,285,7834.785475492477,8170.531458616257,1688612896.1078942,1688613231.8535352,77.8635482788086,84.48760223388672,0.0198836103081703,13.062994956970217,76.28451538085938,33555.62109375,1.888666033744812
