p:Activation,p:LearningRate,p:Op1,p:Op2,p:Op3,p:Op4,p:Op5,p:Op6,p:TrivialAugment,p:WeightDecay,p:nepochs,objective_0,objective_1,objective_2,job_id,m:timestamp_submit,m:timestamp_gather,m:timestamp_start,m:timestamp_end,m:size_MB,m:runtime,m:latency,m:FLOPS,m:valid-acc,m:train-acc,m:test-acc,pareto_efficient
ReLU,0.4927641171852395,2,0,1,2,2,3,off,0.0005172874237006,55,31.505983352661133,-1.5548453330993652,-0.811896800994873,12,0.1524074077606201,509.3198163509369,1691568383.961608,1691568893.1281571,0.811896800994873,50742.26171875,1.5548453330993652,116.93736267089844,31.505983352661133,83.15032958984375,62.27265167236328,False
Hardswish,0.1585834339519755,0,2,1,2,1,3,off,0.000533049888695,50,86.12102508544922,-1.348701000213623,-0.5893679857254028,10,0.1556558609008789,375.3330271244049,1691568383.9648588,1691568759.1415005,0.5893679857254028,37342.046875,1.348701000213623,73.3259048461914,86.12102508544922,74.34833526611328,85.80101776123047,False
ReLU,0.8490560026307425,4,0,1,1,2,2,off,0.0004762182083354,23,56.53839111328125,-1.4526383876800537,-0.5688387751579285,11,0.1558635234832763,202.94550919532776,1691568383.9650636,1691568586.754073,0.5688387751579285,20092.9453125,1.4526383876800537,78.06391906738281,56.53839111328125,73.47797393798828,50.9501838684082,False
ReLU,0.9221167482715408,1,2,0,1,0,2,on,9.567136623905792e-05,41,57.294063568115234,-1.4576789140701294,-0.5024785995483398,14,0.1562333106994629,389.6354613304138,1691568383.9654362,1691568773.4439435,0.5024785995483398,38749.125,1.4576789140701294,55.06518173217773,57.294063568115234,89.93175506591797,82.48627471923828,False
Mish,0.6814494520075013,2,2,0,2,4,3,on,0.0007826861499262,8,44.169166564941406,-2.586603164672852,-0.7546696066856384,15,0.1562483310699463,150.41612005233765,1691568383.965452,1691568534.2236416,0.7546696066856384,14827.015625,2.586603164672852,96.08518981933594,44.169166564941406,80.01594543457031,51.131744384765625,False
Hardswish,0.7866558123966607,0,3,2,0,3,2,off,0.0006286361306923,43,32.87023162841797,-2.116640329360962,-0.5810688138008118,16,0.1559329032897949,351.4673008918762,1691568383.9651327,1691568735.2746804,0.5810688138008118,34956.984375,2.116640329360962,75.15419006347656,32.87023162841797,81.25257110595703,45.329200744628906,False
ReLU,0.5918363128340512,2,4,0,0,3,2,on,3.937588172079386e-05,61,87.6861801147461,-1.7202693223953247,-0.5607472658157349,17,0.1569089889526367,482.29555916786194,1691568383.9661129,1691568866.1040592,0.5607472658157349,48020.78125,1.7202693223953247,71.19867706298828,87.6861801147461,92.79150390625,83.34709167480469,False
Mish,0.6385361824747308,4,0,0,1,2,0,off,2.651054523321265e-05,35,87.81578826904297,-2.164586067199707,-0.3002782762050628,18,0.1558895111083984,384.544228553772,1691568383.9650905,1691568768.352798,0.3002782762050628,38263.42578125,2.164586067199707,55.14652633666992,87.81578826904297,92.24671936035156,79.9962387084961,False
Mish,0.9458647070510728,0,1,2,2,2,1,on,0.0007185192330233,25,49.98876190185547,-1.8568919897079468,-0.7658358216285706,20,0.1541938781738281,413.8355231285095,1691568383.96341,1691568797.6439664,0.7658358216285706,41172.5390625,1.8568919897079468,101.4602279663086,49.98876190185547,78.88395690917969,48.49474334716797,False
ReLU,0.4726664764619562,2,1,0,2,0,4,off,0.0006568891386629,27,39.07697296142578,-1.4311470985412598,-0.6523221135139465,28,0.1559040546417236,206.9511263370514,1691568383.965109,1691568590.7588353,0.6523221135139465,20503.609375,1.4311470985412598,73.32345581054688,39.07697296142578,86.36934661865234,64.9591064453125,False
Hardswish,0.1868648691549819,0,2,2,3,1,4,on,0.0006253655490801,51,81.41798400878906,-2.0633485317230225,-0.595952033996582,32,0.1567597389221191,434.40778040885925,1691568383.965958,1691568818.2163243,0.595952033996582,43251.7734375,2.0633485317230225,77.5506591796875,81.41798400878906,86.1007308959961,76.24258422851562,False
Hardswish,0.7863737806012611,3,0,0,4,1,3,on,0.0001372648656592,54,87.3052749633789,-1.5347989797592163,-0.1231286898255348,35,0.1603345870971679,449.3851056098938,1691568383.9695363,1691568833.192572,0.1231286898255348,44730.14453125,1.5347989797592163,11.056924819946287,87.3052749633789,90.58386993408205,73.94157409667969,False
Mish,0.226070056342181,2,4,2,3,2,3,on,0.0001804103985028,20,90.30081939697266,-3.282875299453736,-0.6803292036056519,36,0.1615846157073974,336.3852400779724,1691568383.9707878,1691568720.1928077,0.6803292036056519,33424.7109375,3.282875299453736,128.41783142089844,90.30081939697266,88.36614227294922,86.42158508300781,False
Hardswish,0.5963053920118829,0,2,0,4,0,2,off,0.0003160968621428,22,70.90911865234375,-1.1916230916976929,-0.5925453901290894,42,150.46672248840332,352.49892926216125,1691568534.2759168,1691568736.30774,0.5925453901290894,20190.890625,1.1916230916976929,62.72462844848633,70.90911865234375,89.6683120727539,81.81875610351562,False
Mish,0.1748084205782757,3,1,0,4,0,0,on,0.0001313415200697,12,76.4029769897461,-1.9273090362548828,-0.127158910036087,5,0.15578293800354,111.6911952495575,1691568383.9649818,1691568495.4987187,0.127158910036087,10967.4970703125,1.9273090362548828,13.020594596862791,76.4029769897461,84.52460479736328,71.94664001464844,False
ReLU,0.974790292943434,0,2,1,3,2,1,on,0.0004009519617023,11,27.620922088623047,-1.7600183486938477,-0.6067304015159607,6,0.1555039882659912,107.79858064651488,1691568383.964703,1691568491.606201,0.6067304015159607,10592.1220703125,1.7600183486938477,76.81427001953125,27.620922088623047,79.72232055664062,49.40900802612305,False
ReLU,0.1495837992592968,0,2,1,0,2,0,on,0.0005032120591938,52,87.18826293945312,-1.3315516710281372,-0.7131325006484985,9,0.1559579372406006,373.854749917984,1691568383.9651585,1691568757.6633089,0.7131325006484985,37193.8203125,1.3315516710281372,87.09363555908203,87.18826293945312,92.03553009033205,85.63433074951172,False
ReLU,0.5196733430538545,2,4,4,0,4,2,off,5.401860424610667e-05,65,90.68551635742188,-3.100078582763672,-0.656975507736206,56,509.5251009464264,1286.072609424591,1691568893.3342943,1691569669.8811853,0.656975507736206,77642.4140625,3.100078582763672,71.65433502197266,90.68551635742188,92.98513793945312,82.13964080810547,False
Hardswish,0.506417563293348,4,3,3,0,2,3,off,0.0007736820073629,82,59.2670783996582,-1.6292946338653564,-0.2559355795383453,13,0.1541903018951416,787.9938516616821,1691568383.963402,1691569171.802371,0.2559355795383453,78585.2734375,1.6292946338653564,55.7352409362793,59.2670783996582,83.60749053955078,74.90975189208984,False
Mish,0.9162912961766296,1,3,2,2,0,1,on,5.5255655334105374e-05,84,51.04316711425781,-2.125199317932129,-0.4549502730369568,19,0.1564223766326904,1028.9202737808228,1691568383.9656258,1691569412.72779,0.4549502730369568,102685.7734375,2.125199317932129,78.77066802978516,51.04316711425781,90.9374542236328,83.8145523071289,False
ReLU,0.5877060107365414,1,2,2,1,3,4,off,0.0003775709468843,129,86.3399658203125,-1.973013520240784,-0.4855645895004273,2,0.1453301906585693,1268.3105750083923,1691568383.954543,1691569652.1180654,0.4855645895004273,126641.4453125,1.973013520240784,70.22408294677734,86.3399658203125,95.44243621826172,89.69513702392578,False
ReLU,0.3963950040074591,4,3,1,2,0,1,on,0.0001326831118481,68,70.3985366821289,-1.4987497329711914,-0.3381717801094055,21,0.1555302143096923,587.72225522995,1691568383.96473,1691568971.530736,0.3381717801094055,58581.71875,1.4987497329711914,47.84722518920898,70.3985366821289,88.79154968261719,81.7439193725586,False
Mish,0.5796198212235736,1,3,1,2,3,2,off,0.0003937217019192,43,73.52172088623047,-2.9615554809570312,-0.5561543107032776,22,0.155792236328125,632.8081583976746,1691568383.964996,1691569016.6167226,0.5561543107032776,63078.88671875,2.9615554809570312,71.26996612548828,73.52172088623047,87.94913482666016,79.78593444824219,False
ReLU,0.8378859231254716,2,4,4,1,0,4,on,0.0009245300186276,60,16.218284606933594,-3.0344913005828857,-0.3532410264015198,23,0.1523964405059814,973.0424010753632,1691568383.9616077,1691569356.850951,0.3532410264015198,97114.6796875,3.0344913005828857,40.98673629760742,16.218284606933594,19.136932373046875,64.2764892578125,False
Hardswish,0.3435644046922087,0,1,2,2,3,0,on,0.0006691639164705,112,78.69754028320312,-1.3469219207763672,-0.6021758317947388,27,0.1567323207855224,923.0094003677368,1691568383.9659357,1691569306.8178945,0.6021758317947388,92091.953125,1.3469219207763672,69.188720703125,78.69754028320312,80.49214935302734,79.99697875976562,False
Mish,0.5531434680844686,4,4,1,1,0,1,on,7.957337060410698e-05,92,75.57565307617188,-2.433424234390259,-0.091358371078968,29,0.154529333114624,1109.282362699509,1691568383.9637318,1691569493.0908833,0.091358371078968,110714.1640625,2.433424234390259,10.445062637329102,75.57565307617188,82.92002868652344,78.15626525878906,False
Hardswish,0.8884811266595567,2,0,2,0,2,4,off,0.0007833080494348,62,53.14939880371094,-2.261388063430786,-0.7921203970909119,3,0.1558923721313476,737.5190415382385,1691568383.965097,1691569121.3275485,0.7921203970909119,73560.2421875,2.261388063430786,95.72289276123048,53.14939880371094,74.61843872070312,76.18636322021484,False
Mish,0.5497875126567149,4,0,2,3,1,2,off,0.0007578837281647,50,62.20243453979492,-3.046546459197998,-0.5990574955940247,30,0.1555256843566894,1195.5082349777222,1691568383.9647248,1691569579.3166752,0.5990574955940247,119359.59375,3.046546459197998,87.77606964111328,62.20243453979492,78.58800506591797,61.49062728881836,False
ReLU,0.296458589199101,2,0,4,0,0,3,on,0.0006708923975182,77,62.80378341674805,-1.238971710205078,-0.4021891355514526,37,0.1618537902832031,675.5712766647339,1691568383.971054,1691569059.3797336,0.4021891355514526,67367.5078125,1.238971710205078,39.29512786865234,62.80378341674805,82.26901245117188,68.11237335205078,False
Mish,0.0874280916116875,1,1,2,1,1,1,off,0.0004907519326157,183,76.8794174194336,-1.97705340385437,-0.3385821878910064,4,0.1557760238647461,1176.7098445892334,1691568383.964975,1691569560.5184023,0.3385821878910064,117469.078125,1.97705340385437,47.85992431640625,76.8794174194336,99.7265167236328,82.76797485351562,False
ReLU,0.9625967602671772,2,4,3,2,4,4,off,1.7541933857147126e-05,41,88.64115905761719,-3.005942821502685,-0.6428312063217163,43,202.99515628814697,691.5038702487946,1691568586.804348,1691569075.3127186,0.6428312063217163,48838.578125,3.005942821502685,77.82582092285156,88.64115905761719,90.61144256591795,72.81443786621094,False
Hardswish,0.9428978419445346,1,2,1,1,1,2,off,0.0001351959530563,26,83.30529022216797,-1.4234687089920044,-0.4306864738464355,45,336.4364643096924,541.2201778888702,1691568720.2456594,1691568925.028987,0.4306864738464355,20466.05078125,1.4234687089920044,69.551513671875,83.30529022216797,86.4735107421875,57.25031280517578,False
ReLU,0.797261005584469,4,1,3,4,2,1,off,0.0001474707949675,46,79.57032012939453,-2.1789655685424805,-0.3751308619976044,46,351.51775574684143,841.6714513301849,1691568735.3269525,1691569225.48023,0.3751308619976044,49003.0078125,2.1789655685424805,42.7762565612793,79.57032012939453,91.62628936767578,69.47891998291016,False
Hardswish,0.627959685787838,4,0,3,3,1,0,off,1.2841303118370491e-05,18,77.13953399658203,-1.343673825263977,-0.1575947999954223,51,389.83741450309753,583.3986449241638,1691568773.6466105,1691568967.2075703,0.1575947999954223,19343.783203125,1.343673825263977,14.453635215759276,77.13953399658203,91.9141082763672,71.99321746826172,False
ReLU,0.6131010642524314,4,1,1,2,4,0,off,2.5386958866134426e-05,93,81.3323745727539,-2.254079341888428,-0.3060161173343658,52,414.0362184047699,1243.552694797516,1691568797.8454144,1691569627.3615265,0.3060161173343658,82939.296875,2.254079341888428,48.82131576538086,81.3323745727539,93.75025177001952,50.28041076660156,False
Mish,0.994770441245569,2,4,3,3,3,1,on,1.580187582047221e-05,48,91.17800903320312,-2.9732468128204346,-0.5238616466522217,55,482.4898898601532,1211.7385065555573,1691568866.299086,1691569595.5473175,0.5238616466522217,72912.515625,2.9732468128204346,54.06271362304688,91.17800903320312,93.21593475341795,87.70209503173828,False
Mish,0.9383494560632436,4,0,0,2,4,4,on,4.15369572412007e-05,52,53.19905090332031,-2.074631929397583,-0.3607036769390106,59,587.919998884201,1268.134999752045,1691568971.7291903,1691569651.9437988,0.3607036769390106,68009.1953125,2.074631929397583,39.73226165771485,53.19905090332031,79.37188720703125,72.86534118652344,False
Mish,0.7446091354398772,0,4,0,2,2,4,on,0.0001187192411397,5,56.76577377319336,-2.779943466186523,-0.5805779099464417,61,675.7720010280609,753.780597448349,1691569059.5811927,1691569137.5894375,0.5805779099464417,7790.71435546875,2.779943466186523,75.60221862792969,56.76577377319336,82.02366638183594,76.44959259033203,False
Mish,0.7925898801526325,1,0,0,1,2,1,off,4.423629374600886e-05,51,80.03308868408203,-1.9200924634933472,-0.274482786655426,62,691.7044262886047,1171.98179769516,1691569075.5136168,1691569555.790633,0.274482786655426,48015.4609375,1.9200924634933472,42.79652786254883,80.03308868408203,88.65628051757812,84.78482055664062,False
ReLU,0.1459827564440701,0,4,1,0,2,0,on,0.0005355330235801,4,72.29102325439453,-1.6025232076644895,-0.3363889157772064,69,1029.144166469574,1059.463772535324,1691569412.9533615,1691569443.2725685,0.3363889157772064,3026.556640625,1.6025232076644895,48.43997573852539,72.29102325439453,79.44367980957031,65.64456176757812,False
Hardswish,0.7411595609799803,2,0,0,3,1,3,on,0.0001264108532988,86,89.32791137695312,-1.2770488262176514,-0.3547788262367248,79,1286.2890968322754,1967.407256603241,1691569670.098298,1691570351.2158313,0.3547788262367248,68099.484375,1.2770488262176514,46.601295471191406,89.32791137695312,93.05172729492188,87.44055938720703,False
Mish,0.9446425710466212,0,3,1,2,0,0,on,0.000566596158627,123,79.87704467773438,-2.771883487701416,-0.3427735567092895,1,0.1452925205230713,1536.5135130882263,1691568383.954518,1691569920.3220394,0.3427735567092895,153462.234375,2.771883487701416,45.7940788269043,79.87704467773438,81.62806701660156,75.15023803710938,False
ReLU,0.9613959452122371,2,0,2,2,2,0,off,0.0003626598584675,110,79.4892578125,-1.7399580478668213,-0.8759609460830688,24,0.1560101509094238,1304.078886270523,1691568383.9652095,1691569687.8873656,0.8759609460830688,130227.9140625,1.7399580478668213,132.54698181152344,79.4892578125,94.2072296142578,79.56800079345703,False
Mish,0.6320613271233625,3,3,1,1,0,4,off,0.0009713394404464,156,73.89717102050781,-2.820335865020752,-0.1293815076351165,25,0.1563642024993896,1716.2989864349363,1691568383.965568,1691570100.1075122,0.1293815076351165,171415.390625,2.820335865020752,15.031594276428224,73.89717102050781,31.936017990112305,73.81341552734375,False
Mish,0.1714567683174867,2,4,3,4,2,4,on,0.0002784341760028,96,93.20809936523438,-3.858729362487793,-0.6247315406799316,31,0.1562485694885254,1602.177708864212,1691568383.9654474,1691569985.9862723,0.6247315406799316,160028.765625,3.858729362487793,77.92256927490234,93.20809936523438,93.35261535644533,88.9598159790039,False
Hardswish,0.4600867667478872,2,4,1,0,3,2,on,0.0007461580305336,152,57.13513946533203,-1.90999448299408,-0.700090765953064,33,0.1586780548095703,1566.883066654205,1691568383.9678795,1691569950.6916585,0.700090765953064,156474.125,1.90999448299408,70.65450286865234,57.13513946533203,85.55833435058594,88.40328979492188,False
Mish,0.5376817647883003,3,1,2,0,0,4,on,0.0001494677354391,141,92.92273712158205,-2.489800453186035,-0.3324820697307586,34,0.1596853733062744,1610.444767951965,1691568383.9688878,1691569994.2534704,0.3324820697307586,160830.265625,2.489800453186035,46.02381896972656,92.92273712158205,94.70246124267578,88.34017944335938,False
Mish,0.2010049434737393,1,1,2,4,1,1,on,7.445653169823968e-05,147,88.47879791259766,-2.134432315826416,-0.3294578790664673,38,0.163043737411499,1607.9592926502228,1691568383.9722466,1691569991.7677538,0.3294578790664673,160582.90625,2.134432315826416,50.031734466552734,88.47879791259766,87.78130340576172,89.47090148925781,False
Mish,0.6318883821099509,2,2,0,2,1,0,on,0.0001198529230665,94,91.15928649902344,-2.2620062828063965,-0.7474485635757446,39,0.1636178493499756,1418.2149679660797,1691568383.9728203,1691569802.0234325,0.7474485635757446,141612.515625,2.2620062828063965,88.69429016113281,91.15928649902344,93.124755859375,86.4333724975586,False
Mish,0.2304865268751526,1,0,3,4,2,1,off,0.0007167618102618,73,74.18753051757812,-3.3371119499206543,-0.311321496963501,40,107.8530216217041,1369.1104283332825,1691568491.6622255,1691569752.9192483,0.311321496963501,126123.078125,3.3371119499206543,48.47267150878906,74.18753051757812,87.44105529785156,57.52273941040039,False
Hardswish,0.38792623080415,2,0,1,3,3,3,on,0.0004803238062042,171,93.5661849975586,-1.6713485717773438,-0.4595746397972107,41,111.74897599220276,1601.487046957016,1691568495.5581694,1691569985.295854,0.4595746397972107,148970.140625,1.6713485717773438,51.65776062011719,93.5661849975586,93.41390991210938,85.77918243408203,False
ReLU,0.1850544959771585,3,0,2,3,2,1,on,0.0004963933028124,148,93.5851593017578,-1.4783562421798706,-0.7339266538619995,47,352.54735469818115,1863.143405675888,1691568736.356549,1691570246.9522312,0.7339266538619995,151047.28125,1.4783562421798706,88.05701446533203,93.5851593017578,91.5044174194336,93.5609359741211,False
Hardswish,0.147302537745593,4,0,3,2,0,1,on,0.0003666399094758,106,87.69102478027344,-1.368651032447815,-0.3533821105957031,48,373.90587735176086,1495.393956899643,1691568757.7150776,1691569879.2027938,0.3533821105957031,112144.703125,1.368651032447815,42.6280403137207,87.69102478027344,91.45393371582033,87.98727416992188,False
Mish,0.1026543623287996,0,2,1,0,2,0,on,0.0007650425939076,91,91.540771484375,-2.355458498001098,-0.6558892726898193,49,375.52630043029785,1790.8396623134613,1691568759.3354936,1691570174.648503,0.6558892726898193,141519.03125,2.355458498001098,81.7811050415039,91.540771484375,93.24046325683594,88.36239624023438,False
Mish,0.6540039863277826,1,3,4,1,2,0,off,6.693110527773e-05,94,93.24967956542967,-3.023200511932373,-0.3009747266769409,50,384.732568025589,1639.9671366214752,1691568768.54176,1691570023.7759929,0.3009747266769409,125511.1328125,3.023200511932373,53.7397689819336,93.24967956542967,92.91317749023438,88.1221694946289,False
Mish,0.5192339889343703,3,0,0,2,3,0,off,1.0490142118171445e-05,100,93.63104248046876,-2.5200023651123047,-0.4067179262638092,53,434.6075806617737,1866.35488986969,1691568818.416772,1691570250.163747,0.4067179262638092,143162.390625,2.5200023651123047,50.82941818237305,93.63104248046876,97.10845947265624,89.70435333251953,False
Hardswish,0.4908464888313398,4,0,0,3,3,3,on,0.0002278309322517,153,92.36241912841795,-1.6218836307525637,-0.1815713047981262,57,541.4166774749756,1847.9906165599823,1691568925.2258732,1691570231.7994514,0.1815713047981262,130654.328125,1.6218836307525637,15.332139015197754,92.36241912841795,93.96234893798828,92.21585845947266,False
ReLU,0.2894835562535443,0,0,1,0,2,0,on,0.0003606455660146,87,84.29942321777344,-1.169520139694214,-0.2713939845561981,60,633.0209412574768,1339.360044002533,1691569016.830133,1691569723.1688738,0.2713939845561981,70621.546875,1.169520139694214,46.45719909667969,84.29942321777344,94.17845916748048,81.53802490234375,False
Mish,0.5943172819993685,3,0,0,3,2,4,off,6.727879798299358e-05,76,82.91516876220703,-2.5738332271575928,-0.3274980783462524,64,753.9798150062561,1905.4704360961912,1691569137.789006,1691570289.2792778,0.3274980783462524,115136.96875,2.5738332271575928,81.72354888916016,82.91516876220703,92.77186584472656,87.21604919433594,False
Mish,0.5396831673524796,3,0,0,3,2,3,off,0.0001090047030847,51,87.64220428466797,-2.5285158157348637,-0.3609148263931274,66,841.878829240799,1701.1289529800415,1691569225.688021,1691570084.9377952,0.3609148263931274,85912.6484375,2.5285158157348637,81.9870376586914,87.64220428466797,92.41755676269533,84.69571685791016,False
Mish,0.9854144739750844,3,0,0,1,3,0,on,0.000143450824564,44,73.82058715820312,-2.1926839351654053,-0.1111532747745514,67,923.219619512558,1330.8906350135803,1691569307.0288148,1691569714.6994753,0.1111532747745514,40758.13671875,2.1926839351654053,12.259666442871094,73.82058715820312,85.84603118896484,56.4279899597168,False
ReLU,0.5449947204579323,1,4,1,0,3,0,on,0.0004015359095266,71,70.8655776977539,-1.748063564300537,-0.1116876229643821,68,973.2491521835328,1634.7482688426971,1691569357.058351,1691570018.5571218,0.1116876229643821,66137.5703125,1.748063564300537,12.059396743774414,70.8655776977539,86.0063705444336,66.2899398803711,False
ReLU,0.8050931056928097,3,4,0,3,4,1,off,5.34130458150499e-05,163,91.81268310546876,-2.134209632873535,-0.1228525191545486,7,0.1523220539093017,1669.288429260254,1691568383.9615223,1691570053.097072,0.1228525191545486,166739.171875,2.134209632873535,14.225214958190918,91.81268310546876,93.2706527709961,90.90506744384766,False
ReLU,0.617755083994584,2,1,0,2,2,3,off,2.889677537306397e-05,58,89.76899719238281,-1.515225529670715,-0.8042410016059875,72,1172.1889202594757,1745.3283576965332,1691569555.9981122,1691570129.137207,0.8042410016059875,57301.67578125,1.515225529670715,108.55118560791016,89.76899719238281,94.08277893066406,89.39087677001953,False
Hardswish,0.7899411507944476,2,3,0,3,2,4,on,0.0001293541956111,38,88.55445861816406,-1.9310575723648071,-0.6697404980659485,76,1243.7640192508698,1706.5866222381592,1691569627.5732143,1691570090.3954492,0.6697404980659485,46276.49609375,1.9310575723648071,82.57559967041016,88.55445861816406,91.16558074951172,76.50247192382812,False
Hardswish,0.7506229003505469,2,4,0,0,1,0,on,0.0002299466462407,54,84.4056396484375,-1.4535586833953855,-0.3257489204406738,77,1268.3440220355988,1698.717332363129,1691569652.1532133,1691570082.5261796,0.3257489204406738,43025.046875,1.4535586833953855,42.15165710449219,84.4056396484375,89.14596557617188,83.54776763916016,False
Hardswish,0.9621407605909248,1,4,4,0,4,0,off,0.0001768047794838,53,71.3310546875,-2.758506298065185,-0.0677523538470268,78,1268.535645723343,1824.210579156876,1691569652.344839,1691570208.0193992,0.0677523538470268,55555.15234375,2.758506298065185,7.604094505310059,71.3310546875,89.91349792480469,75.4130859375,False
Hardswish,0.7653111846003579,1,0,1,4,1,2,on,4.326981059993253e-05,61,78.91728973388672,-1.6571565866470337,-0.3207005262374878,80,1304.2949826717377,1889.7853236198423,1691569688.1041749,1691570273.5941703,0.3207005262374878,58536.6796875,1.6571565866470337,45.289093017578125,78.91728973388672,84.20159912109375,70.18903350830078,False
Hardswish,0.8385611054835002,4,0,0,1,2,3,off,2.63829656635256e-05,34,73.50794219970703,-1.13570237159729,-0.1582901030778885,82,1339.575396776199,1631.2227010726929,1691569723.3845878,1691570015.0315423,0.1582901030778885,29152.3984375,1.13570237159729,48.93196868896485,73.50794219970703,91.737548828125,86.47468566894531,False
Hardswish,0.7519247532809882,1,0,1,4,1,4,on,0.0001254331661571,35,57.41669845581055,-1.91022264957428,-0.0827685892581939,84,1418.434888601303,1636.6212542057035,1691569802.244084,1691570020.430094,0.0827685892581939,21806.306640625,1.91022264957428,9.931203842163086,57.41669845581055,80.076171875,57.2043571472168,False
Mish,0.3939828478150892,2,0,2,3,1,3,on,0.0005034022413701,155,68.43207550048828,-3.4628677368164062,-0.8568896651268005,109,1967.6395647525787,4861.917817831039,1691570351.4487574,1691573245.7261713,0.8568896651268005,289415.5,3.4628677368164062,92.86921691894533,68.43207550048828,93.34040069580078,89.12830352783203,False
ReLU,0.963839517813252,3,4,4,3,3,3,off,0.0006606685711761,195,82.70929718017578,-2.3245420455932617,-0.1760644912719726,0,0.145348310470581,2741.845860004425,1691568383.9545743,1691571125.6543193,0.1760644912719726,273995.6875,2.3245420455932617,19.32994270324707,82.70929718017578,96.2830810546875,82.12190246582031,False
Hardswish,0.706647781205463,2,2,1,3,4,4,on,0.0005153597517252,143,86.01699829101562,-2.578549861907959,-0.6941638588905334,100,1716.5277709960938,3601.0783762931824,1691570100.3369677,1691571984.8871734,0.6941638588905334,188442.71875,2.578549861907959,91.90448760986328,86.01699829101562,89.1932601928711,89.84558868408203,False
Hardswish,0.2245882431021062,3,0,1,2,3,3,on,0.0004395043307903,192,93.6227035522461,-1.4937831163406372,-0.3905290961265564,101,1745.5511679649353,3260.6622076034546,1691570129.3603594,1691571644.4710596,0.3905290961265564,151498.8125,1.4937831163406372,45.62515258789063,93.6227035522461,97.07430267333984,92.20271301269533,False
ReLU,0.7439777998434787,0,3,2,3,3,1,off,0.0001465996472795,152,68.04646301269531,-1.7902969121932983,-0.337573379278183,102,1791.0636479854584,3259.431412935257,1691570174.8728397,1691571643.240265,0.337573379278183,146824.484375,1.7902969121932983,52.96536636352539,68.04646301269531,96.8038101196289,84.8253173828125,False
Hardswish,0.2218960736897404,4,0,2,1,0,4,on,0.0004573461742243,123,90.46011352539062,-1.6594752073287964,-0.3031604886054992,103,1824.4340298175807,3159.2441911697388,1691570208.2432206,1691571543.0530005,0.3031604886054992,133468.734375,1.6594752073287964,40.39502716064453,90.46011352539062,92.09476470947266,61.73150253295898,False
ReLU,0.6936607930663867,4,0,0,4,4,3,on,0.0003382986920159,196,92.7651824951172,-2.361480236053467,-0.1198926046490669,104,1848.217425107956,4355.427244663239,1691570232.0266209,1691572739.2246776,0.1198926046490669,250707.546875,2.361480236053467,11.262810707092283,92.7651824951172,95.95757293701172,92.47337341308594,False
Hardswish,0.4684097369560516,2,0,0,1,4,3,on,0.0003421007729736,161,93.6518096923828,-1.9057010412216189,-0.3615692257881164,105,1863.374125480652,3229.9063034057617,1691570247.1833208,1691571613.7151532,0.3615692257881164,136640.875,1.9057010412216189,46.01515579223633,93.6518096923828,95.35076904296876,85.2813949584961,False
Hardswish,0.8062837847513341,2,1,1,3,4,1,on,0.0004830369206213,149,86.17778015136719,-1.6860418319702148,-0.4232743382453918,106,1866.5818560123444,3541.580358982086,1691570250.3910463,1691571925.3892088,0.4232743382453918,167487.828125,1.6860418319702148,41.82380676269531,86.17778015136719,90.2771453857422,26.50272750854492,False
Hardswish,0.480418290254435,4,0,1,4,4,4,on,0.0004305161039211,180,89.0569076538086,-2.215885162353516,-0.0917247533798217,107,1890.0105707645416,4580.014744758606,1691570273.8197625,1691572963.8215704,0.0917247533798217,268987.875,2.215885162353516,8.797552108764648,89.0569076538086,92.9616928100586,86.63590240478516,False
ReLU,0.8207912262766532,2,0,2,3,1,4,on,0.000546643869606,150,27.682109832763672,-2.275798797607422,-0.7646281123161316,108,1905.696125984192,3574.000781297684,1691570289.5053177,1691571957.809621,0.7646281123161316,166818.125,2.275798797607422,79.83271789550781,27.682109832763672,88.98594665527344,78.1994857788086,False
Hardswish,0.6995423806696204,3,1,0,3,4,3,on,0.0003821482940652,175,93.90872192382812,-1.8270729780197144,-0.1402937471866607,110,2132.654681205749,4045.854804992676,1691570516.4638827,1691572429.6516635,0.1402937471866607,191309.953125,1.8270729780197144,17.596498489379883,93.90872192382812,94.57229614257812,90.73006439208984,False
Hardswish,0.4679013627278572,3,0,1,3,3,2,on,0.0004979012983784,193,68.50767517089844,-1.4167733192443848,-0.3854004740715027,111,2133.6522765159607,3854.827285528183,1691570517.4614694,1691572238.6361086,0.3854004740715027,172105.171875,1.4167733192443848,56.949501037597656,68.50767517089844,95.59212493896484,93.85834503173828,False
ReLU,0.5869745233238444,0,0,1,4,4,2,on,0.0003518130053332,173,90.29466247558594,-1.6778912544250488,-0.3566196262836456,112,2148.992633581161,3975.8147649765015,1691570532.801829,1691572359.6223085,0.3566196262836456,182669.75,1.6778912544250488,47.3166618347168,90.29466247558594,92.89034271240234,90.97866821289062,False
ReLU,0.8193418213178525,0,0,0,3,3,3,on,0.000241605081862,116,57.0045280456543,-1.4273691177368164,-0.1642141640186309,113,2152.2204926013947,3139.394116878509,1691570536.0296834,1691571523.202969,0.1642141640186309,98713.578125,1.4273691177368164,13.215533256530762,57.0045280456543,90.20662689208984,66.30492401123047,False
ReLU,0.9168424573474554,1,3,2,4,0,4,on,0.0001516762864166,186,93.15351104736328,-1.8638916015625,-0.294983446598053,114,2175.488255500793,4182.274518728256,1691570559.2974524,1691572566.0833466,0.294983446598053,200666.28125,1.8638916015625,40.009395599365234,93.15351104736328,93.17847442626952,93.06446838378906,False
ReLU,0.8928243682982352,3,1,0,3,4,2,on,6.90224342088773e-05,195,94.29241943359376,-2.0040812492370605,-0.4132456481456756,115,2210.583425998688,4368.904387712479,1691570594.3926213,1691572752.7119184,0.4132456481456756,215819.625,2.0040812492370605,47.999271392822266,94.29241943359376,96.90496063232422,93.1526336669922,False
Hardswish,0.662115282226691,4,0,0,2,2,3,on,0.0004687198862221,172,93.21682739257812,-1.7722471952438354,-0.54233318567276,116,2289.92107462883,3772.2952647209167,1691570673.730267,1691572156.1027932,0.54233318567276,148224.96875,1.7722471952438354,78.9056396484375,93.21682739257812,93.98780822753906,89.74544525146484,False
ReLU,0.9134267680787956,0,0,1,3,2,3,on,0.0005127484824827,158,61.892704010009766,-1.4806721210479736,-0.3267894089221954,117,2322.08101773262,4257.002665996552,1691570705.8902087,1691572640.810206,0.3267894089221954,193479.6875,1.4806721210479736,38.39198684692383,61.892704010009766,90.4783935546875,84.03583526611328,False
ReLU,0.7926624775974269,1,0,1,4,2,3,on,0.0003943228293357,160,93.18134307861328,-1.6799832582473757,-0.3145669400691986,118,2344.803416967392,4076.429808139801,1691570728.6126084,1691572460.2386334,0.3145669400691986,173150.328125,1.6799832582473757,38.86490249633789,93.18134307861328,81.98104095458984,77.0443115234375,False
ReLU,0.5041913624759602,2,0,1,3,2,3,on,0.0008863187507155,189,91.36083984375,-1.7548210620880127,-0.7810627222061157,120,2470.268901348114,4815.914248228073,1691570854.078094,1691573199.7230551,0.7810627222061157,234552.1875,1.7548210620880127,96.8708267211914,91.36083984375,76.07410430908203,93.48328399658205,False
Hardswish,0.9078055624764694,1,0,0,3,2,4,on,0.0003057845014682,164,88.53097534179688,-1.2793753147125244,-0.1826334744691848,121,2508.770367383957,4198.370628833771,1691570892.5795622,1691572582.1794486,0.1826334744691848,168947.6875,1.2793753147125244,48.76081466674805,88.53097534179688,87.27864074707031,90.6444854736328,False
Hardswish,0.6192999673008247,4,0,0,4,1,4,off,0.0006335698548458,172,83.43812561035156,-2.3113605976104736,-0.1011655554175376,122,2580.754341363907,4467.2502982616425,1691570964.5635345,1691572851.0590882,0.1011655554175376,188637.25,2.3113605976104736,9.641891479492188,83.43812561035156,93.85983276367188,79.41576385498047,False
Hardswish,0.947160536462356,0,0,4,4,1,3,on,0.0003295710600932,193,92.26229858398438,-2.55965256690979,-0.0915865749120712,123,2593.979146957397,4745.891802787781,1691570977.7883432,1691573129.700626,0.0915865749120712,215178.90625,2.55965256690979,9.855192184448242,92.26229858398438,94.59748077392578,92.06326293945312,False
ReLU,0.4604153120008947,1,0,0,4,2,4,on,1.351226183108666e-05,160,90.40054321289062,-1.2307071685791016,-0.2960978746414184,124,2686.0438334941864,4104.682909965515,1691571069.8530295,1691572488.4916756,0.2960978746414184,141859.15625,1.2307071685791016,53.25882339477539,90.40054321289062,94.49796295166016,81.93148040771484,False
ReLU,0.8454219991166626,0,4,0,4,1,1,on,9.737730875699518e-05,162,81.1657943725586,-1.5238244533538818,-0.0955204293131828,126,2742.084485054016,3835.4682762622833,1691571125.8936772,1691572219.2758,0.0955204293131828,109325.8828125,1.5238244533538818,11.054466247558594,81.1657943725586,81.6194839477539,83.06822204589844,False
Hardswish,0.6410372387549853,3,0,0,1,1,4,on,0.0003862644903341,189,93.71819305419922,-1.4358264207839966,-0.1171023771166801,128,2856.0153510570526,4633.906989574432,1691571239.8245502,1691573017.715801,0.1171023771166801,177776.828125,1.4358264207839966,10.381219863891602,93.71819305419922,95.26077270507812,91.09510803222656,True
Hardswish,0.8030506570892687,0,1,2,3,0,1,on,0.0001783680964775,175,90.82516479492188,-1.1617178916931152,-0.2961654961109161,129,2953.300483942032,4516.080249071121,1691571337.109675,1691572899.887853,0.2961654961109161,156265.53125,1.1617178916931152,45.88357162475586,90.82516479492188,90.56346130371094,87.84908294677734,False
Hardswish,0.5164438973368451,0,1,0,1,2,3,on,0.0003202765585679,170,78.04328155517578,-1.1523774862289429,-0.1755027025938034,132,3125.6938161849976,4543.877009630203,1691571509.5030153,1691572927.6702344,0.1755027025938034,141804.25,1.1523774862289429,46.81095504760742,78.04328155517578,95.49200439453124,91.97716522216795,False
Hardswish,0.7886519261705931,4,3,0,4,1,1,off,0.0005040684644598,171,87.44817352294922,-1.9506443738937376,-0.0926892161369323,138,3275.5351197719574,4790.313626527786,1691571659.3443103,1691573174.1224525,0.0926892161369323,151465.59375,1.9506443738937376,11.943785667419434,87.44817352294922,94.77978515625,84.35503387451172,False
ReLU,0.7741858014561079,3,2,0,0,1,0,off,0.0008291429190271,187,89.39091491699219,-2.4472060203552246,-0.3243371248245239,145,3601.326594114304,4783.466026306152,1691571985.1357937,1691573167.274828,0.3243371248245239,118201.3671875,2.4472060203552246,46.14818572998047,89.39091491699219,49.93260955810547,93.11271667480467,False
Mish,0.6296127271248668,1,4,3,1,0,0,off,0.0007771827791655,188,93.46839141845705,-2.395338773727417,-0.115359365940094,26,0.1562583446502685,2132.42320561409,1691568383.9654608,1691570516.2317288,0.115359365940094,213029.234375,2.395338773727417,11.257172584533691,93.46839141845705,92.64884948730467,92.79711151123048,False
Mish,0.3186726719729387,2,0,2,4,1,0,on,0.0002903361262007,132,90.4000244140625,-3.0269153118133545,-0.8409942984580994,44,207.0005660057068,2289.689942598343,1691568590.809759,1691570673.4987657,0.8409942984580994,208256.609375,3.0269153118133545,83.0498046875,90.4000244140625,92.51042938232422,90.32298278808594,False
Mish,0.6237553314290512,4,0,0,3,4,3,on,0.0001086293703428,181,94.5237808227539,-3.108257293701172,-0.1508159041404724,54,449.5887858867645,2423.5637714862823,1691568833.3979816,1691570807.372579,0.1508159041404724,197385.15625,3.108257293701172,14.51161003112793,94.5237808227539,96.29592895507812,92.59156799316406,True
Mish,0.9760824733652832,2,0,0,3,4,3,off,0.0001941316954026,188,93.71543884277344,-3.111991167068481,-0.3757900893688202,58,583.5944275856018,2715.9366703033447,1691568967.4036222,1691571099.7454643,0.3757900893688202,213227.234375,3.111991167068481,47.67054748535156,93.71543884277344,99.8315200805664,94.57538604736328,False
ReLU,0.9648322882354042,2,1,0,4,2,3,off,7.428818919859934e-05,123,87.39814758300781,-1.917570948600769,-0.688892126083374,63,737.7227447032928,2133.4250462055206,1691569121.5319383,1691570517.2338886,0.688892126083374,139557.890625,1.917570948600769,83.57434844970703,87.39814758300781,97.06249237060548,73.29878997802734,False
ReLU,0.6231033264951991,1,0,0,4,2,3,on,4.034544590082693e-05,175,93.88407135009766,-1.0706634521484375,-0.3225067853927612,65,788.2013998031616,2148.761825323105,1691569172.010595,1691570532.5706646,0.3225067853927612,136043.703125,1.0706634521484375,50.61760330200195,93.88407135009766,95.23281860351562,85.61956024169922,True
Hardswish,0.3140851388589402,4,0,0,4,4,2,on,0.0001683079434714,133,90.45877838134766,-2.071312427520752,-0.3637426793575287,70,1059.671686410904,2746.679257631302,1691569443.4808805,1691571130.4880884,0.3637426793575287,168688.40625,2.071312427520752,47.3104133605957,90.45877838134766,92.07299041748048,84.04093933105469,False
Hardswish,0.6698340740147966,3,0,0,4,1,0,off,0.0002334021214185,165,92.6175537109375,-1.471833348274231,-0.1038519963622093,71,1109.4943103790283,2508.5372710227966,1691569493.3035064,1691570892.3460915,0.1038519963622093,139891.953125,1.471833348274231,11.337899208068848,92.6175537109375,95.69596099853516,92.10745239257812,False
Hardswish,0.6745024414162148,3,0,0,4,2,4,on,0.0001344280778472,74,87.92009735107422,-2.144575834274292,-0.1772443205118179,73,1176.9177467823029,2151.9948563575745,1691569560.726945,1691570535.8036623,0.1772443205118179,97495.4375,2.144575834274292,53.65268707275391,87.92009735107422,91.00016021728516,75.8836669921875,False
Hardswish,0.6493030644905905,2,1,0,3,1,3,on,0.0002055394113698,200,95.23094940185548,-1.2104154825210571,-0.3158845007419586,74,1195.722044467926,2953.0650687217712,1691569579.5312374,1691571336.873922,0.3158845007419586,175721.953125,1.2104154825210571,48.82989883422851,95.23094940185548,98.25965881347656,94.17687225341795,True
Hardswish,0.5444347762253066,3,0,0,3,2,4,on,0.000118435404148,170,93.43618774414062,-1.5198768377304075,-0.2160205841064453,75,1211.9495463371277,2855.779349565506,1691569595.7587495,1691571239.5881765,0.2160205841064453,164370.640625,1.5198768377304075,59.03844833374024,93.43618774414062,95.9274673461914,89.60271453857422,False
Mish,0.0822890353932222,2,4,2,0,3,3,on,0.0001659967798144,158,94.78709411621094,-3.045403003692627,-0.668649435043335,8,0.14939546585083,2470.0323820114136,1691568383.9585955,1691570853.8409095,0.668649435043335,246813.71875,3.045403003692627,79.13371276855469,94.78709411621094,96.63641357421876,94.19984436035156,False
Hardswish,0.5175631240389742,4,0,0,4,4,3,on,3.304705588260304e-05,75,90.6912841796875,-2.126978635787964,-0.106184110045433,81,1331.1049790382383,2210.3530509471893,1691569714.9141738,1691570594.161891,0.106184110045433,87912.46875,2.126978635787964,10.76180934906006,90.6912841796875,90.98888397216795,86.94964599609375,False
ReLU,0.0778241505509378,0,2,3,0,2,0,on,0.0009049243453263,141,87.4168930053711,-1.377204418182373,-0.7154310345649719,83,1369.3269739151,2593.7463994026184,1691569753.1361756,1691570977.555249,0.7154310345649719,122437.734375,1.377204418182373,84.48915100097656,87.4168930053711,91.6165771484375,90.73946380615234,False
Hardswish,0.6716332832720722,3,4,4,3,3,3,on,0.000228066341731,60,79.38631439208984,-2.2705602645874023,-0.1327391415834427,85,1495.6119582653046,2175.2575509548187,1691569879.4211566,1691570559.0664,0.1327391415834427,67952.2265625,2.2705602645874023,18.31046485900879,79.38631439208984,88.85712432861328,83.95774841308594,False
ReLU,0.8354604763621518,2,4,4,4,4,3,on,0.0002868534271912,58,76.42005920410156,-2.671504020690918,-0.3683725595474243,86,1536.7338387966156,2344.573718070984,1691569920.5430317,1691570728.3825624,0.3683725595474243,80771.671875,2.671504020690918,48.44199752807617,76.42005920410156,84.00361633300781,67.80464172363281,False
Hardswish,0.4447132267229749,3,0,2,4,2,4,on,0.0001707303531792,78,87.645263671875,-2.901194334030152,-0.5687326192855835,87,1567.1054117679596,2580.522831916809,1691569950.9146075,1691570964.3316622,0.5687326192855835,101329.375,2.901194334030152,83.4607925415039,87.645263671875,89.9570083618164,77.34883117675781,False
Hardswish,0.4149460244213155,3,0,0,4,3,2,on,0.0005040501321729,58,61.20534896850586,-1.8813108205795288,-0.3442445397377014,88,1601.7061259746552,2321.851506471634,1691569985.5153167,1691570705.6603506,0.3442445397377014,72003.234375,1.8813108205795288,50.26500701904297,61.20534896850586,81.8009033203125,58.76692581176758,False
Hardswish,0.8149413880380898,3,1,0,4,1,4,on,0.0001869989036954,192,93.32245635986328,-1.599966526031494,-0.1040216013789177,89,1602.398538827896,3125.458980321884,1691569986.207739,1691571509.2677708,0.1040216013789177,152301.984375,1.599966526031494,11.541536331176758,93.32245635986328,93.83733367919922,93.5746841430664,True
Hardswish,0.5015900667474978,2,1,1,4,1,3,on,0.0005011486961141,128,55.64093780517578,-1.6437764167785645,-0.3690409958362579,90,1608.18364071846,2685.8098604679108,1691569991.992837,1691571069.6186929,0.3690409958362579,107750.25,1.6437764167785645,41.75352096557617,55.64093780517578,89.5428237915039,80.30491638183594,False
Mish,0.6296534184958782,2,1,2,3,2,4,on,0.0004552746341037,191,95.1383285522461,-3.17171049118042,-0.9045792818069458,91,1610.6682240962982,4806.851987838745,1691569994.4774194,1691573190.660799,0.9045792818069458,319606.03125,3.17171049118042,143.25289916992188,95.1383285522461,97.5383071899414,93.1117172241211,False
Hardswish,0.4419222492941374,2,0,1,2,4,3,on,0.0004888613295209,124,68.62676239013672,-2.2846150398254395,-0.663090169429779,92,1631.4431319236755,2954.878966331482,1691570015.2523234,1691571338.6877966,0.663090169429779,132331.25,2.2846150398254395,82.65995025634766,68.62676239013672,85.56122589111328,56.97276306152344,False
Hardswish,0.7462061762399331,2,0,1,4,4,4,on,0.0004194592796863,147,89.04155731201172,-2.3539631366729736,-0.4166414737701416,93,1634.9675147533417,3900.8614134788513,1691570018.7767076,1691572284.6472826,0.4166414737701416,226574.75,2.3539631366729736,43.62043762207031,89.04155731201172,91.34835815429688,75.57974243164062,False
Hardswish,0.5059057709229373,3,0,4,4,2,3,on,0.0004745367088738,153,89.88804626464844,-2.7232980728149414,-0.2887408137321472,94,1636.8408510684967,3405.822005987168,1691570020.6500468,1691571789.6308346,0.2887408137321472,176892.515625,2.7232980728149414,61.183624267578125,89.88804626464844,90.8112564086914,90.89187622070312,False
Hardswish,0.8986922699113217,3,0,2,4,0,3,on,0.0002387104543468,141,86.38665771484375,-2.1049513816833496,-0.3491157591342926,95,1640.1879286766052,3042.485926151276,1691570023.99712,1691571426.2947862,0.3491157591342926,140217.625,2.1049513816833496,41.781227111816406,86.38665771484375,92.125732421875,87.06149291992188,False
Hardswish,0.6389500235480757,4,0,0,4,3,2,on,0.0005155324246204,163,81.74000549316406,-2.168511867523194,-0.3545742332935333,96,1669.5103888511658,3528.902179956436,1691570053.3195815,1691571912.711025,0.3545742332935333,185930.796875,2.168511867523194,49.58952713012695,81.74000549316406,88.9959716796875,88.6583251953125,False
Hardswish,0.6721535124702248,3,3,0,3,3,1,off,0.0001234606553087,182,93.876220703125,-1.6621370315551758,-0.1332216262817382,97,1698.9372873306274,3275.299405813217,1691570082.746479,1691571659.1082058,0.1332216262817382,157623.9375,1.6621370315551758,22.213712692260746,93.876220703125,97.10675811767578,91.9869384765625,True
Hardswish,0.9879954407367384,3,4,0,4,4,1,on,8.77405206346746e-05,194,93.51847839355467,-3.125680685043335,-0.124008871614933,98,1701.3523592948914,3571.196954011917,1691570085.16155,1691571955.005802,0.124008871614933,186972.125,3.125680685043335,11.548539161682127,93.51847839355467,91.15565490722656,93.704345703125,False
Hardswish,0.4350952035309923,2,0,0,4,3,2,on,0.00050832999243,187,87.79411315917969,-1.6389621496200562,-0.5050052404403687,99,1706.8101534843445,3510.740519285202,1691570090.6193483,1691571894.5493484,0.5050052404403687,180380.6875,1.6389621496200562,77.56199645996094,87.79411315917969,96.26374816894533,92.52734375,False
ReLU,0.7102648832549495,1,3,3,4,1,4,on,0.0005600236082738,190,91.22561645507812,-1.7705178260803225,-0.1332233846187591,169,4862.187528371811,6631.791173219681,1691573245.9967215,1691575015.5996757,0.1332233846187591,176948.015625,1.7705178260803225,14.65609359741211,91.22561645507812,67.0643081665039,91.24756622314452,False
Mish,0.6354108690416508,2,2,0,3,3,3,on,0.0006353420111284,189,86.70904541015625,-3.1365320682525635,-0.6370195746421814,119,2423.7970485687256,5267.531058311462,1691570807.6062434,1691573651.3398654,0.6370195746421814,284361.09375,3.1365320682525635,96.73526763916016,86.70904541015625,95.12329864501952,92.15228271484376,False
ReLU,0.9861489903346724,0,1,0,4,2,3,on,2.4772004097749503e-05,183,93.56958770751952,-1.4532697200775146,-0.1598223596811294,125,2716.172689914704,4958.784396409988,1691571099.9818842,1691573342.5932248,0.1598223596811294,224249.34375,1.4532697200775146,44.26898956298828,93.56958770751952,95.67732238769533,86.70345306396484,False
Hardswish,0.6325072406023923,4,4,0,1,2,0,off,0.00070530188488,188,88.62342834472656,-2.466834306716919,-0.1779432743787765,127,2746.9141705036163,4889.622491836548,1691571130.7233648,1691573273.4312491,0.1779432743787765,214258.484375,2.466834306716919,49.27442169189453,88.62342834472656,97.8207550048828,92.08333587646484,False
Hardswish,0.7945893363987862,1,0,0,3,0,4,on,0.0004814965827104,194,92.82593536376952,-1.1811833381652832,-0.122727669775486,130,2955.1148052215576,4968.20027089119,1691571338.923999,1691573352.0090933,0.122727669775486,201296.203125,1.1811833381652832,10.25818920135498,92.82593536376952,58.99433517456055,89.78885650634766,True
ReLU,0.8412856042252115,0,1,0,4,2,3,on,8.90052824912579e-05,194,93.64787292480467,-1.447179913520813,-0.4042341709136963,131,3042.719083547592,5207.79994225502,1691571426.528275,1691573591.6087947,0.4042341709136963,216495.796875,1.447179913520813,42.56606674194336,93.64787292480467,93.67366790771484,88.19239044189453,False
Mish,0.7126648456806961,4,1,0,4,2,0,off,0.000323960663764,180,92.08322143554688,-2.198169708251953,-0.3643712401390076,133,3139.625237226486,5383.328853130341,1691571523.4344294,1691573767.095323,0.3643712401390076,224352.53125,2.198169708251953,51.182403564453125,92.08322143554688,98.2718734741211,93.01250457763672,False
Hardswish,0.4994488546708643,2,2,0,4,2,3,on,0.0005513233168643,188,93.0797882080078,-1.6040078401565552,-0.7438978552818298,134,3159.479194879532,5276.992690086365,1691571543.288386,1691573660.8015232,0.7438978552818298,211739.046875,1.6040078401565552,108.5421905517578,93.0797882080078,95.53483581542967,92.47366333007812,False
Hardswish,0.7897233330514063,1,3,0,2,1,4,on,0.0001350744917504,200,94.37071990966795,-1.7511942386627195,-0.3742886483669281,135,3230.1432547569275,5059.011162042618,1691571613.9524484,1691573442.8200412,0.3742886483669281,182874.484375,1.7511942386627195,46.04607009887695,94.37071990966795,93.14514923095705,93.29304504394533,False
Hardswish,0.8154758370186923,1,0,0,3,1,2,on,0.0006436736216874,183,90.4072723388672,-1.0640846490859983,-0.3512193262577057,136,3259.66739153862,5479.221377849579,1691571643.4765832,1691573863.0302095,0.3512193262577057,221943.109375,1.0640846490859983,44.19358825683594,90.4072723388672,86.5357437133789,88.53260040283203,True
Hardswish,0.6308462359030638,3,0,0,3,1,2,on,0.0007593497163522,181,91.99806213378906,-1.1704078912734983,-0.4196616113185882,137,3261.02393245697,5202.300226926804,1691571644.8331246,1691573586.109058,0.4196616113185882,194115.34375,1.1704078912734983,48.636566162109375,91.99806213378906,86.88536834716797,91.63893127441406,False
ReLU,0.7687517454940137,1,3,0,3,2,2,on,1.4995247421483385e-05,183,95.1667938232422,-1.32705819606781,-0.6302148699760437,139,3406.060694694519,5441.1930820941925,1691571789.8698895,1691573824.9518542,0.6302148699760437,203494.40625,1.32705819606781,80.22830963134766,95.1667938232422,98.49530792236328,93.21224212646484,False
ReLU,0.4975390773320259,1,4,0,1,2,1,on,0.0007788335492033,196,91.3428726196289,-1.445425271987915,-0.3324726521968841,140,3510.979471683502,5303.422254323959,1691571894.7886658,1691573687.1811914,0.3324726521968841,179225.4375,1.445425271987915,44.76398086547851,91.3428726196289,82.71263885498047,91.27350616455078,False
Hardswish,0.7952645357598489,1,4,0,3,0,0,off,0.0001373553323762,178,72.2738265991211,-1.684504151344299,-0.1422725319862365,141,3529.139079093933,5058.439345836639,1691571912.948271,1691573442.247941,0.1422725319862365,152917.703125,1.684504151344299,10.201737403869627,72.2738265991211,97.31049346923828,88.76534271240234,False
Hardswish,0.7923470348781124,3,4,0,2,1,0,off,0.0007100926189507,193,91.6741180419922,-2.2921788692474365,-0.3735704123973846,142,3541.8226420879364,5586.629285812378,1691571925.6318336,1691573970.4381166,0.3735704123973846,204468.34375,2.2921788692474365,41.4488525390625,91.6741180419922,95.72254180908205,91.8835678100586,False
Mish,0.8941741484203745,3,1,0,4,1,3,on,8.967274154082655e-05,184,93.85769653320312,-2.2302005290985107,-0.1276800334453582,143,3571.4390301704407,5571.446408987045,1691571955.2482228,1691573955.2552423,0.1276800334453582,199988.40625,2.2302005290985107,13.940560340881348,93.85769653320312,95.56359100341795,90.18010711669922,False
ReLU,0.085174213512196,1,2,0,2,0,4,on,5.883066366588263e-05,184,94.1499481201172,-1.5022993087768557,-0.3831124603748321,144,3574.237861633301,4949.695647716522,1691571958.0470529,1691573333.5045574,0.3831124603748321,137533.4375,1.5022993087768557,64.52764129638672,94.1499481201172,96.30686950683594,94.32012939453124,False
ReLU,0.7785648273470709,3,0,1,3,0,4,on,0.0003383259690428,170,91.1254425048828,-1.8309292793273928,-0.1407118290662765,146,3772.6433820724487,5884.505747556686,1691572156.4525783,1691574268.261025,0.1407118290662765,211164.765625,1.8309292793273928,11.587566375732422,91.1254425048828,92.73969268798828,91.0599365234375,False
ReLU,0.5094763760481159,3,0,0,3,1,4,on,0.0001099608224497,180,94.1810302734375,-1.1978106498718262,-0.1558582037687301,147,3835.7953028678894,6002.057925224304,1691572219.6044953,1691574385.8667738,0.1558582037687301,216612.203125,1.1978106498718262,13.705936431884766,94.1810302734375,95.8491439819336,90.93531036376952,True
ReLU,0.7095002309578928,4,0,0,1,1,4,on,7.517152155595128e-05,197,94.42745208740234,-1.775646686553955,-0.0550661832094192,148,3855.067073345184,5287.800154924393,1691572238.876265,1691573671.608998,0.0550661832094192,143260.984375,1.775646686553955,8.593974113464355,94.42745208740234,96.20223999023438,93.27347564697266,True
Hardswish,0.8302273632258569,3,3,0,2,1,4,on,3.871244350502331e-05,183,94.48593139648438,-1.8332972526550293,-0.406162828207016,149,3901.272360324859,5799.500381708145,1691572285.081561,1691574183.309059,0.406162828207016,189807.71875,1.8332972526550293,49.192848205566406,94.48593139648438,96.30162048339844,93.46747589111328,False
Hardswish,0.8618869893075052,1,1,3,1,0,0,off,0.0008213783250448,198,81.0657730102539,-1.60034441947937,-0.1248433887958526,150,3976.185084342957,5667.755236387253,1691572359.9942818,1691574051.5637836,0.1248433887958526,169141.859375,1.60034441947937,9.763371467590332,81.0657730102539,95.3485870361328,89.49976348876953,False
Hardswish,0.8012937937566522,3,3,0,2,1,4,on,0.0003803649424564,164,91.85757446289062,-1.8426824808120728,-0.4031240046024322,152,4076.6816222667694,5734.241721153259,1691572460.4908156,1691574118.0505805,0.4031240046024322,165743.734375,1.8426824808120728,49.65332412719727,91.85757446289062,95.51222229003906,89.28816223144531,False
ReLU,0.4371623846053128,1,0,3,1,0,0,off,0.0009855433832944,188,86.9365234375,-1.0198057889938354,-0.1170622184872627,153,4104.927266359329,5308.437121152878,1691572488.7364612,1691573692.1880229,0.1170622184872627,120331.296875,1.0198057889938354,10.2420654296875,86.9365234375,40.37046813964844,73.41995239257812,False
ReLU,0.4438852900318242,2,0,3,4,1,4,on,0.0009377264780109,184,88.20126342773438,-1.8618220090866089,-0.3856313526630401,154,4182.522500991821,6559.407306432724,1691572566.3317018,1691574943.2158873,0.3856313526630401,237676.0625,1.8618220090866089,37.97175598144531,88.20126342773438,78.73133087158203,68.20092010498047,False
ReLU,0.9452305645476478,1,0,0,1,0,4,on,0.0002307825866798,160,89.54766082763672,-0.951121151447296,-0.0904053151607513,155,4198.6139850616455,5158.382465839386,1691572582.4231803,1691573542.1912255,0.0904053151607513,95964.4921875,0.951121151447296,7.925233840942383,89.54766082763672,73.74681091308594,85.29763793945312,True
Hardswish,0.0865990430289338,1,0,0,4,0,4,on,0.0009899345945238,166,92.5617904663086,-1.6179049015045166,-0.0994681194424629,156,4257.299799442291,5402.451754808426,1691572641.1089914,1691573786.260331,0.0994681194424629,114496.59375,1.6179049015045166,9.777645111083984,92.5617904663086,88.7966537475586,88.17052459716797,False
ReLU,0.5783884669360346,1,0,0,3,1,4,on,0.0004869750615286,189,93.26680755615234,-1.0796780586242676,-0.1256514638662338,157,4355.755411863327,6459.89818239212,1691572739.564608,1691574843.7068398,0.1256514638662338,210401.75,1.0796780586242676,12.704411506652832,93.26680755615234,81.51181030273438,86.64679718017578,True
Hardswish,0.9403406084985132,0,3,1,0,1,4,on,0.0001186672136397,195,93.0529556274414,-2.0864617824554443,-0.0959166660904884,158,4369.238893032074,5953.594116449356,1691572753.0480888,1691574337.402734,0.0959166660904884,158421.421875,2.0864617824554443,11.113483428955078,93.0529556274414,95.32543182373048,90.77433013916016,False
Hardswish,0.5082857701858747,0,4,4,0,0,0,on,0.0007509449930798,189,87.92768859863281,-2.1449477672576904,-0.0765755921602249,161,4544.162346124649,6001.870187282562,1691572927.971547,1691574385.6790297,0.0765755921602249,145764.765625,2.1449477672576904,10.586737632751465,87.92768859863281,86.09749603271484,89.9886703491211,False
ReLU,0.7411322173753623,4,4,0,0,0,4,on,0.0002646095677036,176,92.70935821533205,-1.8528165817260744,-0.0907061100006103,162,4580.335315465927,6234.339612722397,1691572964.1445067,1691574618.0936458,0.0907061100006103,165373.453125,1.8528165817260744,11.186880111694336,92.70935821533205,88.14214324951172,92.46414184570312,False
Hardswish,0.9809236796163028,4,1,0,0,0,4,on,4.1729875111105366e-05,185,93.31297302246094,-1.4621526002883911,-0.0862457156181335,163,4634.152565002441,5985.460552453995,1691573017.9617643,1691574369.2691576,0.0862457156181335,135118.453125,1.4621526002883911,9.661613464355469,93.31297302246094,90.01996612548828,90.83689880371094,True
ReLU,0.6840369545700845,1,0,2,3,1,4,on,0.0003424164594433,155,90.33145904541016,-1.6368458271026611,-0.3828774392604828,164,4746.136703252792,6130.750403881073,1691573129.9459026,1691574514.5592492,0.3828774392604828,138453.671875,1.6368458271026611,45.19059371948242,90.33145904541016,86.11724853515625,90.28937530517578,False
Hardswish,0.8292846533919346,3,1,2,0,1,4,on,0.0004283099755864,193,94.3418960571289,-1.6638282537460327,-0.3002791404724121,166,4790.794759750366,6614.176688671112,1691573174.6039555,1691574997.9855342,0.3002791404724121,182325.921875,1.6638282537460327,43.8873176574707,94.3418960571289,96.30809020996094,91.839599609375,True
ReLU,0.6279035267239288,1,1,0,4,0,4,on,3.489981248663456e-05,198,81.75870513916016,-1.2379239797592163,-0.0962398871779441,167,4807.099221944809,6256.372316598892,1691573190.9084165,1691574640.1808996,0.0962398871779441,144914.9375,1.2379239797592163,10.324013710021973,81.75870513916016,93.64507293701172,79.17615509033203,False
ReLU,0.7465349369877441,2,1,0,3,0,4,on,0.0002025648040274,137,92.94786834716795,-1.410666584968567,-0.2905438840389251,170,4889.86950802803,6003.566968679428,1691573273.6787028,1691574387.3755548,0.2905438840389251,111357.421875,1.410666584968567,49.12458038330078,92.94786834716795,94.12842559814452,88.20230865478516,False
ReLU,0.2212726005358677,2,0,0,3,1,3,on,0.0003865025009126,155,89.35249328613281,-1.196377515792847,-0.3618490099906921,172,4959.033344507217,6312.18440079689,1691573342.842539,1691574695.9324725,0.3618490099906921,135295.140625,1.196377515792847,49.76811218261719,89.35249328613281,95.34033966064452,91.7216339111328,False
ReLU,0.9141545912971362,1,1,0,3,1,4,on,0.0002853249123212,156,89.27509307861328,-1.1222357749938965,-0.1279683113098144,176,5158.63124871254,6426.632514953613,1691573542.440445,1691574810.441135,0.1279683113098144,126787.7578125,1.1222357749938965,12.793341636657717,89.27509307861328,80.1318588256836,73.97381591796875,False
ReLU,0.4854554954135575,1,0,0,2,0,3,on,0.0005016020085088,165,87.71467590332031,-0.7965632081031799,-0.3327774405479431,184,5383.626947402954,6358.335297822952,1691573767.4361413,1691574742.1441574,0.3327774405479431,97458.515625,0.7965632081031799,46.95361709594727,87.71467590332031,83.15676879882812,92.39257049560548,True
Hardswish,0.9038773575958252,1,1,0,3,0,4,on,0.000714679278715,160,80.142822265625,-1.0370447635650637,-0.1199503093957901,208,6632.26430273056,8209.129765510559,1691575016.0735004,1691576592.9381385,0.1199503093957901,157674.1875,1.0370447635650637,11.157585144042969,80.142822265625,61.77284240722656,86.58415222167969,False
Mish,0.8245893339446186,4,0,2,2,4,4,on,0.0003216058287199,187,93.15847778320312,-4.355423450469971,-0.6262065768241882,151,4046.282867670059,7374.17085146904,1691572430.092064,1691575757.9794505,0.6262065768241882,332774.125,4.355423450469971,62.4614372253418,93.15847778320312,95.67385864257812,90.8584976196289,False
Mish,0.7183590867531081,1,2,0,3,0,3,on,0.000430760937413,186,94.7152862548828,-2.650779962539673,-0.3029394149780273,159,4467.560882329941,6657.042118310928,1691572851.370077,1691575040.8506804,0.3029394149780273,218927.375,2.650779962539673,54.509761810302734,94.7152862548828,95.46168518066406,93.49137115478516,True
Mish,0.8442986888505157,3,3,0,3,1,4,on,0.0004473012074593,194,94.73743438720705,-2.767009735107422,-0.1564623564481735,160,4516.4034724235535,7466.611034870148,1691572900.212665,1691575850.4198718,0.1564623564481735,295001.90625,2.767009735107422,19.282981872558597,94.73743438720705,94.9928207397461,92.97288513183594,True
ReLU,0.8123020115916922,4,1,2,3,0,4,on,0.0001253575725559,175,92.2150421142578,-2.039571762084961,-0.3326973617076874,165,4783.713215589523,6887.155277013779,1691573167.522416,1691575270.96389,0.3326973617076874,210331.859375,2.039571762084961,40.08444595336914,92.2150421142578,94.6822509765625,79.39561462402344,False
Mish,0.7331683343185805,1,3,1,2,0,3,on,0.0001978691395522,191,91.18791198730467,-2.288816213607788,-0.3361657559871673,168,4816.164764881134,7472.963472604752,1691573199.9739563,1691575856.7721286,0.3361657559871673,265667.5,2.288816213607788,53.34496307373047,91.18791198730467,92.48320770263672,94.64034271240234,False
Mish,0.792012054765024,2,4,3,4,0,0,off,0.0006085910652122,189,90.93563079833984,-3.3592987060546875,-0.4227142632007599,171,4950.1631507873535,7632.649841785431,1691573333.9723463,1691576016.4584224,0.4227142632007599,268236.25,3.3592987060546875,42.55776977539063,90.93563079833984,98.40746307373048,87.43122100830078,False
ReLU,0.7665416328151285,2,2,2,3,1,4,on,0.000449302521047,182,93.48104095458984,-2.033782958984375,-0.8224368691444397,173,4968.682654857636,7439.687818527222,1691573352.49185,1691575823.486268,0.8224368691444397,247087.109375,2.033782958984375,105.9943389892578,93.48104095458984,96.27154541015624,92.78679656982422,False
Hardswish,0.9643778631225566,2,0,3,1,1,3,on,0.0006351126699995,200,89.27251434326172,-1.4907904863357544,-0.5022780299186707,174,5058.684452533722,7184.850924730301,1691573442.493645,1691575568.659774,0.5022780299186707,212604.34375,1.4907904863357544,44.85025787353515,89.27251434326172,96.1794662475586,92.92610931396484,False
ReLU,0.9848108929779924,4,0,1,3,0,4,on,0.0001301816071083,169,90.39561462402344,-1.8861205577850344,-0.1078303083777427,175,5059.51847076416,6652.125743150711,1691573443.32767,1691575035.9344366,0.1078303083777427,159248.34375,1.8861205577850344,10.336495399475098,90.39561462402344,92.2775650024414,80.44805908203125,False
Hardswish,0.9800946503180528,1,1,3,3,0,4,on,0.0009491845235295,165,41.9863510131836,-1.543403387069702,-0.149390697479248,177,5202.548121213913,7244.894897222519,1691573586.3573122,1691575628.7035606,0.149390697479248,204222.375,1.543403387069702,12.904183387756348,41.9863510131836,86.5313949584961,84.66321563720703,False
Hardswish,0.9584234958607412,1,3,4,0,0,4,on,0.0007668807913779,183,50.432838439941406,-2.783829927444458,-0.088936910033226,178,5208.047389745712,6952.128544330597,1691573591.8565817,1691575335.9371588,0.088936910033226,174395.84375,2.783829927444458,8.948159217834473,50.432838439941406,72.59099578857422,89.02787017822266,False
ReLU,0.9831408338970408,1,1,4,4,0,4,on,0.0004458247493514,172,81.38082122802734,-2.3943395614624023,-0.0949864387512207,179,5267.782110929489,6881.046869516373,1691573651.5913055,1691575264.8555262,0.0949864387512207,161314.15625,2.3943395614624023,8.540867805480957,81.38082122802734,63.88379669189453,72.48007202148438,False
ReLU,0.8173436040464289,1,0,0,3,0,4,on,0.0009120881732039,154,59.02888870239258,-1.5329365730285645,-0.1464103609323501,180,5277.241367340088,6689.142524719238,1691573661.0505593,1691575072.9513595,0.1464103609323501,141185.515625,1.5329365730285645,9.927611351013184,59.02888870239258,46.30720138549805,65.15153503417969,False
ReLU,0.9354572088075096,2,0,3,0,0,4,on,3.5768977007437125e-05,170,92.0286102294922,-1.4484593868255615,-0.4209041893482208,181,5288.04673910141,6681.987825155258,1691573671.85593,1691575065.7964,0.4209041893482208,139381.75,1.4484593868255615,37.795108795166016,92.0286102294922,95.45472717285156,92.0159149169922,False
Hardswish,0.8807292323481858,1,4,4,1,0,0,off,0.0007740043831326,189,89.20088195800781,-3.185177087783813,-0.0815599709749221,182,5303.944917678833,6847.190624713898,1691573687.7541175,1691575230.999452,0.0815599709749221,154320.0625,3.185177087783813,7.88214111328125,89.20088195800781,92.72750854492188,84.17752838134766,False
Mish,0.7698101045283149,4,0,0,1,0,4,on,0.0008357452395576,145,33.360130310058594,-3.145549774169922,-0.0726862624287605,183,5308.777665376663,7344.718684673309,1691573692.5868642,1691575728.5274985,0.0726862624287605,203576.703125,3.145549774169922,7.54876708984375,33.360130310058594,74.23412322998047,62.49337005615234,False
ReLU,0.9486903094928698,2,0,0,1,0,4,on,0.0006838663637407,159,62.40296173095703,-1.940211057662964,-0.3130902051925659,185,5402.829414844513,6693.046154975891,1691573786.638608,1691575076.8549995,0.3130902051925659,129009.359375,1.940211057662964,34.54750442504883,62.40296173095703,89.8052978515625,81.11033630371094,False
Mish,0.7614507089046985,4,4,2,1,1,4,on,3.127970721290749e-05,192,93.57556915283205,-3.234074115753174,-0.1603643745183944,186,5441.475968837738,8022.605269432068,1691573825.285166,1691576406.3994775,0.1603643745183944,258099.875,3.234074115753174,39.89384460449219,93.57556915283205,96.59707641601562,92.78499603271484,False
Hardswish,0.7440161426221302,1,4,1,0,0,4,on,0.0004018846790706,197,91.93373107910156,-2.165341854095459,-0.0761928930878639,187,5479.471419811249,7182.389792919159,1691573863.2806115,1691575566.1986427,0.0761928930878639,170279.546875,2.165341854095459,9.421842575073242,91.93373107910156,76.47826385498047,88.86283874511719,False
ReLU,0.8330433991985994,3,0,0,2,0,4,on,0.0008818821840455,153,29.070077896118164,-2.0973808765411377,-0.3666476905345917,188,5571.836210489273,6760.543788194656,1691573955.645404,1691575144.3524308,0.3666476905345917,118857.8515625,2.0973808765411377,38.90894317626953,29.070077896118164,36.15433883666992,64.3979721069336,False
ReLU,0.9727001060799092,3,0,2,3,0,4,on,0.0007785353962011,193,89.6497573852539,-1.7054295539855957,-0.4103845357894897,189,5586.878819227219,8026.838754415512,1691573970.6880102,1691576410.6473796,0.4103845357894897,243992.046875,1.7054295539855957,39.694801330566406,89.6497573852539,78.98019409179688,92.70503997802734,False
ReLU,0.6789078444753144,2,0,0,0,1,4,on,0.0001631842192982,137,87.54045867919922,-1.1988593339920044,-0.2810533046722412,190,5668.006382465363,6777.636075496674,1691574051.8155768,1691575161.4449596,0.2810533046722412,110950.6796875,1.1988593339920044,36.56829833984375,87.54045867919922,93.81349182128906,90.71858978271484,False
ReLU,0.9773041178157538,3,1,0,0,0,4,on,0.0006741383425873,158,83.56598663330078,-1.6912457942962646,-0.1112565919756889,191,5734.497958183289,6950.379703998566,1691574118.3071494,1691575334.1453176,0.1112565919756889,121570.078125,1.6912457942962646,12.415753364562988,83.56598663330078,80.2352066040039,54.25772857666016,False
Mish,0.656171403940755,4,0,0,1,0,4,on,0.0009943574751693,146,68.95459747314453,-3.38603138923645,-0.042377907782793,192,5799.749807357788,7790.405863046646,1691574183.5589988,1691576174.2104888,0.042377907782793,199052.875,3.38603138923645,9.376510620117188,68.95459747314453,52.95333480834961,32.88864517211914,False
ReLU,0.8593870932006337,4,0,2,2,0,4,on,0.0003752840199482,154,83.08344268798828,-1.8397873640060425,-0.5444848537445068,193,5884.857445478439,7304.0918226242065,1691574268.666639,1691575687.900673,0.5444848537445068,141905.890625,1.8397873640060425,61.05845260620117,83.08344268798828,91.23625183105467,83.99876403808594,False
ReLU,0.930952892387921,1,1,0,2,0,4,on,0.0001051933181379,152,88.43971252441406,-1.1992862224578855,-0.2971278727054596,194,5954.100926399231,7215.398605823517,1691574337.9101243,1691575599.2074358,0.2971278727054596,126117.1953125,1.1992862224578855,45.906497955322266,88.43971252441406,82.6880874633789,79.1659927368164,False
Hardswish,0.9641248216545332,1,1,0,3,0,4,on,0.0003399949087484,146,90.87657928466795,-1.17058265209198,-0.1202619969844818,195,5985.833495616913,7357.304324626923,1691574369.6427016,1691575741.1131537,0.1202619969844818,137134.75,1.17058265209198,11.197105407714844,90.87657928466795,77.5715560913086,87.375732421875,True
Mish,0.813088709619728,3,1,0,3,0,4,on,0.000509083409824,179,90.76181030273438,-2.465109348297119,-0.1382694244384765,196,6002.119576454163,8187.33117389679,1691574385.9287777,1691576571.1237726,0.1382694244384765,218507.046875,2.465109348297119,15.124192237854004,90.76181030273438,88.90678405761719,91.65482330322266,False
ReLU,0.8107549993452595,0,0,3,1,0,4,on,0.000429169606899,175,89.2280044555664,-1.5484707355499268,-0.0142097612842917,197,6002.309832334518,7550.029513597488,1691574386.119023,1691575933.8219745,0.0142097612842917,154757.984375,1.5484707355499268,8.803312301635742,89.2280044555664,93.02096557617188,86.44063568115234,True
ReLU,0.7341420164412266,1,1,0,3,1,4,on,0.0008873353660842,152,34.04372787475586,-1.6567625999450684,-0.1322424411773681,198,6004.067850351334,7472.848832130432,1691574387.8770478,1691575856.657663,0.1322424411773681,146865.703125,1.6567625999450684,12.685129165649414,34.04372787475586,38.579891204833984,75.04322052001953,False
ReLU,0.2348649269183977,2,0,0,2,0,4,on,0.0007993537192842,149,57.23202133178711,-1.599168062210083,-0.5699563026428223,200,6234.678286075592,7380.683936834335,1691574618.4874802,1691575764.4927442,0.5699563026428223,114583.484375,1.599168062210083,75.1861801147461,57.23202133178711,90.30821228027344,80.95370483398438,False
ReLU,0.100019713537681,2,0,0,3,0,4,on,0.0009658328052246,153,90.32492065429688,-1.6455488204956057,-0.3414689600467682,201,6256.625012397766,7714.779362440109,1691574640.4342067,1691576098.5882027,0.3414689600467682,145803.078125,1.6455488204956057,51.442630767822266,90.32492065429688,89.81233978271484,90.33802032470705,False
ReLU,0.4645625156781974,3,2,2,0,1,2,on,0.0001954701246737,199,94.67152404785156,-1.063549280166626,-0.6627306938171387,202,6312.671179294586,7949.6931364536285,1691574696.4803762,1691576333.4906664,0.6627306938171387,163683.25,1.063549280166626,79.18433380126953,94.67152404785156,97.48715209960938,94.59349060058594,True
ReLU,0.715416773070557,1,1,0,1,1,4,on,0.0009039489225964,136,21.683349609375,-1.4766443967819214,-0.0844953879714012,203,6358.705566883087,7461.031346559524,1691574742.5147626,1691575844.8401558,0.0844953879714012,110220.34375,1.4766443967819214,9.26939296722412,21.683349609375,39.71749496459961,70.8215560913086,True
Hardswish,0.9803821091714032,0,0,0,1,1,4,on,0.0007561332988951,136,44.92757034301758,-1.5562183856964111,-0.0308852232992649,206,6559.892027616501,7472.917940855026,1691574943.7012272,1691575856.7267957,0.0308852232992649,91299.8125,1.5562183856964111,8.196134567260742,44.92757034301758,71.229736328125,56.54150390625,False
Mish,0.6245770983605153,1,1,0,1,1,4,on,0.0008911939806555,151,61.183685302734375,-1.2119349241256714,-0.0977142080664634,207,6614.429114341736,8132.678052902222,1691574998.2383056,1691576516.4347992,0.0977142080664634,151806.078125,1.2119349241256714,9.543500900268556,61.183685302734375,58.52584457397461,76.38452911376953,False
ReLU,0.9006958420266199,1,1,0,3,1,4,on,0.0007613584330298,144,82.18468475341797,-1.0250320434570312,-0.1297582536935806,209,6652.379416704178,8021.787934064865,1691575036.1886103,1691576405.596725,0.1297582536935806,136928.53125,1.0250320434570312,12.70397663116455,82.18468475341797,43.18254470825195,60.85299301147461,False
ReLU,0.0914203035345071,4,1,0,2,0,4,on,0.000684488001178,169,90.31410217285156,-1.8391185998916624,-0.3248888254165649,214,6760.800843477249,7873.603000164032,1691575144.6100345,1691576257.411851,0.3248888254165649,111267.9296875,1.8391185998916624,45.1315803527832,90.31410217285156,92.53356170654295,88.5855484008789,False
ReLU,0.3976115003595228,1,0,0,0,1,4,on,0.0005047673001123,147,74.68400573730469,-1.1539373397827148,-0.0913738012313842,216,6847.446634531021,8032.214331865311,1691575231.2558303,1691576416.0195172,0.0913738012313842,118464.0703125,1.1539373397827148,9.756600379943848,74.68400573730469,66.54679107666016,86.09639739990234,False
